-- phpMyAdmin SQL Dump
-- version 5.2.0
-- https://www.phpmyadmin.net/
--
-- Host: 127.0.0.1
-- Generation Time: Sep 30, 2023 at 06:03 PM
-- Server version: 10.4.24-MariaDB
-- PHP Version: 7.4.29

SET SQL_MODE = "NO_AUTO_VALUE_ON_ZERO";
START TRANSACTION;
SET time_zone = "+00:00";


/*!40101 SET @OLD_CHARACTER_SET_CLIENT=@@CHARACTER_SET_CLIENT */;
/*!40101 SET @OLD_CHARACTER_SET_RESULTS=@@CHARACTER_SET_RESULTS */;
/*!40101 SET @OLD_COLLATION_CONNECTION=@@COLLATION_CONNECTION */;
/*!40101 SET NAMES utf8mb4 */;

--
-- Database: `retail`
--

-- --------------------------------------------------------

--
-- Table structure for table `allowances`
--

CREATE TABLE `allowances` (
  `allow_id` int(11) NOT NULL,
  `allow_name` varchar(250) NOT NULL,
  `allow_type` varchar(1) NOT NULL,
  `created_by` int(11) NOT NULL,
  `updated_by` int(11) DEFAULT NULL,
  `created_at` timestamp NOT NULL DEFAULT current_timestamp(),
  `updated_at` timestamp NULL DEFAULT NULL ON UPDATE current_timestamp()
) ENGINE=InnoDB DEFAULT CHARSET=latin1;

--
-- Dumping data for table `allowances`
--

INSERT INTO `allowances` (`allow_id`, `allow_name`, `allow_type`, `created_by`, `updated_by`, `created_at`, `updated_at`) VALUES
(13, 'Special House Rent', 'A', 5, 0, '2021-04-22 10:31:13', '2021-07-06 05:04:39'),
(14, 'Car Allowance', 'A', 5, 0, '2021-04-22 10:31:42', '2021-07-06 05:04:39'),
(15, 'Car Repair & Maintenance', 'A', 5, 0, '2021-04-22 10:35:04', '2021-07-06 05:04:39'),
(17, 'Dearness', 'A', 5, 0, '2021-04-24 06:22:46', '2021-07-06 05:04:39'),
(18, 'Incentive', 'A', 5, 0, '2021-06-26 10:01:06', '2021-07-06 05:04:39'),
(19, 'Fuel', 'A', 5, 0, '2021-07-05 10:15:01', '2021-07-06 05:04:39'),
(20, 'Overtime', 'A', 5, 0, '2021-07-05 10:15:14', '2021-07-06 05:04:39'),
(21, 'Sunday / Holiday', 'A', 5, 0, '2021-07-05 10:15:35', '2021-07-06 05:04:39'),
(22, 'Extra Duty', 'A', 5, 0, '2021-07-05 10:15:51', '2021-07-06 05:04:39'),
(23, 'Eobi', 'D', 5, 0, '2021-07-05 10:16:15', '2021-07-06 05:04:39'),
(24, 'Advance Salary', 'D', 5, 0, '2021-07-05 10:16:40', '2021-07-06 05:04:39'),
(25, 'Wrong Payment', 'D', 5, 0, '2021-07-05 10:16:58', '2021-07-06 05:04:39'),
(26, 'Disciplinary Penalties', 'D', 5, 0, '2021-07-05 10:17:50', '2021-07-06 05:04:39'),
(27, 'Arrears', 'D', 5, 8, '2021-07-05 11:39:01', '2021-07-10 06:17:10'),
(28, 'Other', 'D', 8, NULL, '2021-07-10 11:23:19', NULL);

-- --------------------------------------------------------

--
-- Table structure for table `bankaccounts`
--

CREATE TABLE `bankaccounts` (
  `CODE` varchar(255) DEFAULT NULL,
  `BankAccount` varchar(255) DEFAULT NULL,
  `BankName` varchar(255) DEFAULT NULL
) ENGINE=InnoDB DEFAULT CHARSET=latin1;

-- --------------------------------------------------------

--
-- Table structure for table `company`
--

CREATE TABLE `company` (
  `compid` int(11) NOT NULL,
  `compname` varchar(500) NOT NULL,
  `compnick` varchar(50) NOT NULL,
  `compphone1` varchar(50) NOT NULL,
  `compphone2` varchar(50) NOT NULL,
  `compweb` varchar(250) NOT NULL,
  `compaddress` text NOT NULL,
  `compmail` varchar(500) NOT NULL,
  `header_image` text NOT NULL,
  `date` date NOT NULL
) ENGINE=InnoDB DEFAULT CHARSET=latin1;

-- --------------------------------------------------------

--
-- Table structure for table `cv`
--

CREATE TABLE `cv` (
  `cv_id` int(11) NOT NULL,
  `cv_name` varchar(50) NOT NULL,
  `cv_education` varchar(500) NOT NULL,
  `cv_education_level` varchar(50) NOT NULL,
  `cv_experience` varchar(200) NOT NULL,
  `cv_work_field` varchar(500) NOT NULL,
  `cv_path` text NOT NULL,
  `cv_data_time` timestamp NOT NULL DEFAULT current_timestamp() ON UPDATE current_timestamp()
) ENGINE=InnoDB DEFAULT CHARSET=latin1;

-- --------------------------------------------------------

--
-- Table structure for table `department`
--

CREATE TABLE `department` (
  `depid` int(11) NOT NULL,
  `compid` int(11) NOT NULL,
  `depname` varchar(500) NOT NULL,
  `employeecount` int(11) NOT NULL,
  `remarks` text NOT NULL,
  `date` date NOT NULL,
  `acc_code` varchar(7) DEFAULT NULL
) ENGINE=InnoDB DEFAULT CHARSET=latin1;

-- --------------------------------------------------------

--
-- Table structure for table `department_accounts`
--

CREATE TABLE `department_accounts` (
  `id` int(11) NOT NULL,
  `compid` int(11) NOT NULL,
  `deptname` varchar(200) NOT NULL,
  `deptacccode` varchar(7) NOT NULL
) ENGINE=InnoDB DEFAULT CHARSET=latin1;

-- --------------------------------------------------------

--
-- Table structure for table `designation_history`
--

CREATE TABLE `designation_history` (
  `designation_history_id` int(11) NOT NULL,
  `empid` int(11) NOT NULL,
  `designation` varchar(500) NOT NULL,
  `date` date NOT NULL
) ENGINE=InnoDB DEFAULT CHARSET=latin1;

-- --------------------------------------------------------

--
-- Table structure for table `empcat`
--

CREATE TABLE `empcat` (
  `empcatid` int(11) NOT NULL,
  `empcat` varchar(200) NOT NULL
) ENGINE=InnoDB DEFAULT CHARSET=latin1;

-- --------------------------------------------------------

--
-- Table structure for table `employee_advance`
--

CREATE TABLE `employee_advance` (
  `advance_id` int(11) NOT NULL,
  `advance_date` date NOT NULL,
  `emp_id` int(11) NOT NULL,
  `advance_amt` float NOT NULL,
  `advance_refund` float NOT NULL,
  `advance_per_month` float NOT NULL,
  `advance_remarks` varchar(200) NOT NULL
) ENGINE=InnoDB DEFAULT CHARSET=latin1;

-- --------------------------------------------------------

--
-- Table structure for table `employee_assign_leaves`
--

CREATE TABLE `employee_assign_leaves` (
  `id` int(11) NOT NULL,
  `emp_id` int(11) NOT NULL,
  `leave_type_id` int(11) NOT NULL,
  `leave_type_type` varchar(100) NOT NULL,
  `leave_days` int(11) NOT NULL,
  `attain_leaves` int(11) NOT NULL
) ENGINE=InnoDB DEFAULT CHARSET=utf8mb4;

--
-- Dumping data for table `employee_assign_leaves`
--

INSERT INTO `employee_assign_leaves` (`id`, `emp_id`, `leave_type_id`, `leave_type_type`, `leave_days`, `attain_leaves`) VALUES
(64, 60, 6, 'Casual', 10, 0),
(65, 60, 7, 'Medical', 8, 0),
(66, 60, 8, 'Annual', 26, 0),
(67, 60, 9, 'Maternity', 0, 0),
(68, 60, 11, 'Pilgrimage', 15, 0),
(69, 60, 12, 'Hajj Short', 15, 0),
(70, 60, 13, 'Hajj Full', 0, 0),
(71, 62, 6, 'Casual', 10, 0),
(72, 62, 7, 'Medical', 8, 0),
(73, 62, 8, 'Annual', 26, 0),
(74, 62, 9, 'Maternity', 0, 0),
(75, 62, 11, 'Pilgrimage', 15, 0),
(76, 62, 12, 'Hajj Short', 0, 0),
(77, 62, 13, 'Hajj Full', 40, 0),
(78, 19, 6, 'Casual', 10, 0),
(79, 19, 7, 'Medical', 8, 0),
(80, 19, 8, 'Annual', 26, 0),
(81, 19, 9, 'Maternity', 0, 0),
(82, 19, 11, 'Pilgrimage', 15, 0),
(83, 19, 12, 'Hajj Short', 15, 0),
(84, 19, 13, 'Hajj Full', 0, 0),
(85, 8, 6, 'Casual', 10, 0),
(86, 8, 7, 'Medical', 8, 0),
(87, 8, 8, 'Annual', 26, 0),
(88, 8, 9, 'Maternity', 0, 0),
(89, 8, 11, 'Pilgrimage', 15, 0),
(90, 8, 12, 'Hajj Short', 15, 0),
(91, 8, 13, 'Hajj Full', 0, 0);

-- --------------------------------------------------------

--
-- Table structure for table `employee_attendance`
--

CREATE TABLE `employee_attendance` (
  `att_id` int(11) NOT NULL,
  `date` date NOT NULL,
  `emp_id` int(11) NOT NULL,
  `emp_attendance_type_id` int(11) NOT NULL,
  `remark` varchar(200) DEFAULT NULL,
  `is_active` int(11) NOT NULL,
  `created_at` datetime NOT NULL,
  `updated_at` int(11) NOT NULL
) ENGINE=InnoDB DEFAULT CHARSET=utf8;

--
-- Dumping data for table `employee_attendance`
--

INSERT INTO `employee_attendance` (`att_id`, `date`, `emp_id`, `emp_attendance_type_id`, `remark`, `is_active`, `created_at`, `updated_at`) VALUES
(101, '2021-06-02', 5, 1, '', 0, '0000-00-00 00:00:00', 0),
(102, '2021-06-02', 7, 3, '', 0, '0000-00-00 00:00:00', 0),
(103, '2021-06-02', 8, 2, '', 0, '0000-00-00 00:00:00', 0),
(104, '2021-06-02', 9, 2, '', 0, '0000-00-00 00:00:00', 0),
(105, '2021-06-02', 10, 2, '', 0, '0000-00-00 00:00:00', 0),
(106, '2021-06-02', 11, 1, '', 0, '0000-00-00 00:00:00', 0),
(107, '2021-06-02', 12, 3, '', 0, '0000-00-00 00:00:00', 0),
(108, '2021-06-02', 13, 1, '', 0, '0000-00-00 00:00:00', 0),
(109, '2021-06-02', 14, 3, '', 0, '0000-00-00 00:00:00', 0),
(110, '2021-06-02', 15, 1, '', 0, '0000-00-00 00:00:00', 0),
(111, '2021-06-02', 16, 1, '', 0, '0000-00-00 00:00:00', 0),
(112, '2021-06-02', 17, 1, '', 0, '0000-00-00 00:00:00', 0),
(113, '2021-06-02', 18, 1, '', 0, '0000-00-00 00:00:00', 0),
(114, '2021-06-02', 19, 1, '', 0, '0000-00-00 00:00:00', 0),
(115, '2021-06-02', 20, 1, '', 0, '0000-00-00 00:00:00', 0),
(146, '2021-06-03', 5, 5, '', 0, '0000-00-00 00:00:00', 0),
(147, '2021-06-03', 7, 5, '', 0, '0000-00-00 00:00:00', 0),
(148, '2021-06-03', 8, 5, '', 0, '0000-00-00 00:00:00', 0),
(149, '2021-06-03', 9, 5, '', 0, '0000-00-00 00:00:00', 0),
(150, '2021-06-03', 10, 5, '', 0, '0000-00-00 00:00:00', 0),
(151, '2021-06-03', 11, 5, '', 0, '0000-00-00 00:00:00', 0),
(152, '2021-06-03', 12, 5, '', 0, '0000-00-00 00:00:00', 0),
(153, '2021-06-03', 13, 5, '', 0, '0000-00-00 00:00:00', 0),
(154, '2021-06-03', 14, 5, '', 0, '0000-00-00 00:00:00', 0),
(155, '2021-06-03', 15, 5, '', 0, '0000-00-00 00:00:00', 0),
(156, '2021-06-03', 16, 5, '', 0, '0000-00-00 00:00:00', 0),
(157, '2021-06-03', 17, 5, '', 0, '0000-00-00 00:00:00', 0),
(158, '2021-06-03', 18, 5, '', 0, '0000-00-00 00:00:00', 0),
(159, '2021-06-03', 19, 5, '', 0, '0000-00-00 00:00:00', 0),
(160, '2021-06-03', 20, 5, '', 0, '0000-00-00 00:00:00', 0),
(161, '2021-06-24', 5, 2, 'not avaiblable', 0, '0000-00-00 00:00:00', 0),
(162, '2021-06-24', 7, 2, 'Outing', 0, '0000-00-00 00:00:00', 0),
(163, '2021-06-24', 8, 2, 'Movie', 0, '0000-00-00 00:00:00', 0),
(164, '2021-06-24', 9, 1, '', 0, '0000-00-00 00:00:00', 0),
(165, '2021-06-24', 10, 1, '', 0, '0000-00-00 00:00:00', 0),
(166, '2021-06-24', 11, 1, '', 0, '0000-00-00 00:00:00', 0),
(167, '2021-06-24', 12, 1, '', 0, '0000-00-00 00:00:00', 0),
(168, '2021-06-24', 14, 1, '', 0, '0000-00-00 00:00:00', 0),
(169, '2021-06-24', 15, 3, 'Fever', 0, '0000-00-00 00:00:00', 0),
(170, '2021-06-24', 16, 1, '', 0, '0000-00-00 00:00:00', 0),
(171, '2021-06-24', 17, 1, '', 0, '0000-00-00 00:00:00', 0),
(172, '2021-06-24', 18, 1, '', 0, '0000-00-00 00:00:00', 0),
(173, '2021-06-24', 19, 1, '', 0, '0000-00-00 00:00:00', 0),
(174, '2021-06-24', 20, 1, '', 0, '0000-00-00 00:00:00', 0),
(175, '2021-06-01', 5, 1, '', 0, '0000-00-00 00:00:00', 0),
(176, '2021-06-01', 7, 1, '', 0, '0000-00-00 00:00:00', 0),
(177, '2021-06-01', 8, 1, '', 0, '0000-00-00 00:00:00', 0),
(178, '2021-06-01', 9, 1, '', 0, '0000-00-00 00:00:00', 0),
(179, '2021-06-01', 10, 1, '', 0, '0000-00-00 00:00:00', 0),
(180, '2021-06-01', 11, 1, '', 0, '0000-00-00 00:00:00', 0),
(181, '2021-06-01', 12, 1, '', 0, '0000-00-00 00:00:00', 0),
(182, '2021-06-01', 14, 1, '', 0, '0000-00-00 00:00:00', 0),
(183, '2021-06-01', 15, 1, '', 0, '0000-00-00 00:00:00', 0),
(184, '2021-06-01', 16, 1, '', 0, '0000-00-00 00:00:00', 0),
(185, '2021-06-01', 17, 1, '', 0, '0000-00-00 00:00:00', 0),
(186, '2021-06-01', 18, 1, '', 0, '0000-00-00 00:00:00', 0),
(187, '2021-06-01', 19, 1, '', 0, '0000-00-00 00:00:00', 0),
(188, '2021-06-01', 20, 1, '', 0, '0000-00-00 00:00:00', 0),
(189, '2021-07-01', 5, 1, '', 0, '0000-00-00 00:00:00', 0),
(190, '2021-07-01', 7, 1, '', 0, '0000-00-00 00:00:00', 0),
(191, '2021-07-01', 11, 1, '', 0, '0000-00-00 00:00:00', 0),
(192, '2021-07-01', 12, 1, '', 0, '0000-00-00 00:00:00', 0),
(193, '2021-07-01', 14, 1, '', 0, '0000-00-00 00:00:00', 0),
(194, '2021-07-01', 15, 1, '', 0, '0000-00-00 00:00:00', 0),
(195, '2021-07-01', 16, 1, '', 0, '0000-00-00 00:00:00', 0),
(196, '2021-07-01', 17, 1, '', 0, '0000-00-00 00:00:00', 0),
(197, '2021-07-01', 18, 1, '', 0, '0000-00-00 00:00:00', 0),
(198, '2021-07-01', 19, 1, '', 0, '0000-00-00 00:00:00', 0),
(199, '2021-07-01', 20, 1, '', 0, '0000-00-00 00:00:00', 0),
(200, '2021-07-02', 5, 1, '', 0, '0000-00-00 00:00:00', 0),
(201, '2021-07-02', 7, 1, '', 0, '0000-00-00 00:00:00', 0),
(202, '2021-07-02', 11, 1, '', 0, '0000-00-00 00:00:00', 0),
(203, '2021-07-02', 12, 1, '', 0, '0000-00-00 00:00:00', 0),
(204, '2021-07-02', 14, 1, '', 0, '0000-00-00 00:00:00', 0),
(205, '2021-07-02', 15, 1, '', 0, '0000-00-00 00:00:00', 0),
(206, '2021-07-02', 16, 1, '', 0, '0000-00-00 00:00:00', 0),
(207, '2021-07-02', 17, 1, '', 0, '0000-00-00 00:00:00', 0),
(208, '2021-07-02', 18, 1, '', 0, '0000-00-00 00:00:00', 0),
(209, '2021-07-02', 19, 1, '', 0, '0000-00-00 00:00:00', 0),
(210, '2021-07-02', 20, 1, '', 0, '0000-00-00 00:00:00', 0),
(211, '2021-07-03', 5, 4, '', 0, '0000-00-00 00:00:00', 0),
(212, '2021-07-03', 7, 2, '', 0, '0000-00-00 00:00:00', 0),
(213, '2021-07-03', 11, 2, '', 0, '0000-00-00 00:00:00', 0),
(214, '2021-07-03', 12, 2, '', 0, '0000-00-00 00:00:00', 0),
(215, '2021-07-03', 14, 2, '', 0, '0000-00-00 00:00:00', 0),
(216, '2021-07-03', 15, 2, '', 0, '0000-00-00 00:00:00', 0),
(217, '2021-07-03', 16, 2, '', 0, '0000-00-00 00:00:00', 0),
(218, '2021-07-03', 17, 2, '', 0, '0000-00-00 00:00:00', 0),
(219, '2021-07-03', 18, 2, '', 0, '0000-00-00 00:00:00', 0),
(220, '2021-07-03', 19, 2, '', 0, '0000-00-00 00:00:00', 0),
(221, '2021-07-03', 20, 2, '', 0, '0000-00-00 00:00:00', 0),
(222, '2021-07-04', 5, 1, '', 0, '0000-00-00 00:00:00', 0),
(223, '2021-07-04', 7, 1, '', 0, '0000-00-00 00:00:00', 0),
(224, '2021-07-04', 11, 1, '', 0, '0000-00-00 00:00:00', 0),
(225, '2021-07-04', 12, 1, '', 0, '0000-00-00 00:00:00', 0),
(226, '2021-07-04', 14, 1, '', 0, '0000-00-00 00:00:00', 0),
(227, '2021-07-04', 15, 1, '', 0, '0000-00-00 00:00:00', 0),
(228, '2021-07-04', 16, 1, '', 0, '0000-00-00 00:00:00', 0),
(229, '2021-07-04', 17, 1, '', 0, '0000-00-00 00:00:00', 0),
(230, '2021-07-04', 18, 1, '', 0, '0000-00-00 00:00:00', 0),
(231, '2021-07-04', 19, 1, '', 0, '0000-00-00 00:00:00', 0),
(232, '2021-07-04', 20, 1, '', 0, '0000-00-00 00:00:00', 0),
(233, '2021-07-03', 8, 1, '', 0, '0000-00-00 00:00:00', 0),
(234, '2021-07-03', 9, 1, '', 0, '0000-00-00 00:00:00', 0),
(235, '2021-07-03', 10, 1, '', 0, '0000-00-00 00:00:00', 0),
(236, '2021-06-05', 5, 3, '', 0, '0000-00-00 00:00:00', 0),
(237, '2021-06-05', 7, 3, '', 0, '0000-00-00 00:00:00', 0),
(238, '2021-06-05', 11, 3, '', 0, '0000-00-00 00:00:00', 0),
(239, '2021-06-05', 12, 3, '', 0, '0000-00-00 00:00:00', 0),
(240, '2021-06-05', 14, 1, '', 0, '0000-00-00 00:00:00', 0),
(241, '2021-06-05', 15, 1, '', 0, '0000-00-00 00:00:00', 0),
(242, '2021-06-05', 16, 1, '', 0, '0000-00-00 00:00:00', 0),
(243, '2021-06-05', 17, 1, '', 0, '0000-00-00 00:00:00', 0),
(244, '2021-06-05', 18, 1, '', 0, '0000-00-00 00:00:00', 0),
(245, '2021-06-05', 19, 1, '', 0, '0000-00-00 00:00:00', 0),
(246, '2021-06-05', 20, 1, '', 0, '0000-00-00 00:00:00', 0),
(247, '2021-06-16', 21, 1, '', 0, '0000-00-00 00:00:00', 0),
(248, '2021-06-16', 18, 1, '', 0, '0000-00-00 00:00:00', 0),
(249, '2021-06-16', 15, 1, '', 0, '0000-00-00 00:00:00', 0),
(250, '2021-06-16', 10, 1, '', 0, '0000-00-00 00:00:00', 0),
(251, '2021-06-16', 9, 1, '', 0, '0000-00-00 00:00:00', 0),
(252, '2021-06-16', 8, 1, '', 0, '0000-00-00 00:00:00', 0),
(253, '2021-06-16', 19, 1, '', 0, '0000-00-00 00:00:00', 0),
(254, '2021-06-16', 17, 1, '', 0, '0000-00-00 00:00:00', 0),
(255, '2021-06-16', 16, 1, '', 0, '0000-00-00 00:00:00', 0),
(256, '2021-06-16', 14, 1, '', 0, '0000-00-00 00:00:00', 0),
(257, '2021-06-16', 12, 1, '', 0, '0000-00-00 00:00:00', 0),
(258, '2021-06-16', 11, 1, '', 0, '0000-00-00 00:00:00', 0),
(259, '2021-06-16', 7, 1, '', 0, '0000-00-00 00:00:00', 0),
(260, '2021-06-16', 5, 1, '', 0, '0000-00-00 00:00:00', 0),
(261, '2021-06-16', 20, 1, '', 0, '0000-00-00 00:00:00', 0),
(262, '2021-06-16', 22, 1, '', 0, '0000-00-00 00:00:00', 0),
(263, '2021-06-26', 21, 3, '', 0, '0000-00-00 00:00:00', 0),
(264, '2021-06-26', 18, 1, '', 0, '0000-00-00 00:00:00', 0),
(265, '2021-06-26', 15, 1, '', 0, '0000-00-00 00:00:00', 0),
(266, '2021-06-26', 10, 2, '', 0, '0000-00-00 00:00:00', 0),
(267, '2021-06-26', 9, 3, '', 0, '0000-00-00 00:00:00', 0),
(268, '2021-06-26', 8, 1, '', 0, '0000-00-00 00:00:00', 0),
(269, '2021-06-26', 57, 1, '', 0, '0000-00-00 00:00:00', 0),
(270, '2021-06-26', 7, 1, '', 0, '0000-00-00 00:00:00', 0),
(271, '2021-06-26', 5, 1, '', 0, '0000-00-00 00:00:00', 0),
(272, '2021-06-26', 19, 2, '', 0, '0000-00-00 00:00:00', 0),
(273, '2021-06-26', 17, 1, '', 0, '0000-00-00 00:00:00', 0),
(274, '2021-06-26', 16, 1, '', 0, '0000-00-00 00:00:00', 0),
(275, '2021-06-26', 14, 1, '', 0, '0000-00-00 00:00:00', 0),
(276, '2021-06-26', 12, 1, '', 0, '0000-00-00 00:00:00', 0),
(277, '2021-06-26', 11, 1, '', 0, '0000-00-00 00:00:00', 0),
(278, '2021-06-26', 20, 1, '', 0, '0000-00-00 00:00:00', 0),
(279, '2021-06-28', 14, 1, '', 0, '0000-00-00 00:00:00', 0),
(280, '2021-06-28', 12, 1, '', 0, '0000-00-00 00:00:00', 0),
(281, '2021-06-28', 11, 1, '', 0, '0000-00-00 00:00:00', 0),
(282, '2021-06-28', 7, 1, '', 0, '0000-00-00 00:00:00', 0),
(283, '2021-06-28', 5, 1, '', 0, '0000-00-00 00:00:00', 0),
(284, '2021-06-28', 19, 1, '', 0, '0000-00-00 00:00:00', 0),
(285, '2021-06-28', 17, 1, '', 0, '0000-00-00 00:00:00', 0),
(286, '2021-06-28', 16, 1, '', 0, '0000-00-00 00:00:00', 0),
(287, '2021-06-17', 21, 1, '', 0, '0000-00-00 00:00:00', 0),
(288, '2021-06-17', 15, 1, '', 0, '0000-00-00 00:00:00', 0),
(289, '2021-06-17', 10, 1, '', 0, '0000-00-00 00:00:00', 0),
(290, '2021-06-17', 9, 1, '', 0, '0000-00-00 00:00:00', 0),
(291, '2021-06-17', 8, 2, '', 0, '0000-00-00 00:00:00', 0),
(292, '2021-06-17', 18, 1, '', 0, '0000-00-00 00:00:00', 0),
(293, '2021-06-17', 62, 1, '', 0, '0000-00-00 00:00:00', 0),
(294, '2021-06-17', 60, 1, '', 0, '0000-00-00 00:00:00', 0),
(295, '2021-06-17', 57, 1, '', 0, '0000-00-00 00:00:00', 0),
(296, '2021-06-17', 14, 1, '', 0, '0000-00-00 00:00:00', 0),
(297, '2021-06-17', 12, 1, '', 0, '0000-00-00 00:00:00', 0),
(298, '2021-06-17', 11, 1, '', 0, '0000-00-00 00:00:00', 0),
(299, '2021-06-17', 7, 1, '', 0, '0000-00-00 00:00:00', 0),
(300, '2021-06-17', 5, 1, '', 0, '0000-00-00 00:00:00', 0),
(301, '2021-06-17', 19, 1, '', 0, '0000-00-00 00:00:00', 0),
(302, '2021-06-17', 17, 1, '', 0, '0000-00-00 00:00:00', 0),
(303, '2021-06-17', 16, 1, '', 0, '0000-00-00 00:00:00', 0),
(304, '2021-06-17', 20, 1, '', 0, '0000-00-00 00:00:00', 0),
(305, '2021-06-18', 21, 2, '', 0, '0000-00-00 00:00:00', 0),
(306, '2021-06-18', 15, 1, '', 0, '0000-00-00 00:00:00', 0),
(307, '2021-06-18', 10, 1, '', 0, '0000-00-00 00:00:00', 0),
(308, '2021-06-18', 9, 1, '', 0, '0000-00-00 00:00:00', 0),
(309, '2021-06-18', 8, 2, '', 0, '0000-00-00 00:00:00', 0),
(310, '2021-06-18', 18, 2, '', 0, '0000-00-00 00:00:00', 0),
(311, '2021-06-18', 62, 2, '', 0, '0000-00-00 00:00:00', 0),
(312, '2021-06-18', 60, 1, '', 0, '0000-00-00 00:00:00', 0),
(313, '2021-06-18', 57, 1, '', 0, '0000-00-00 00:00:00', 0),
(314, '2021-06-18', 14, 2, '', 0, '0000-00-00 00:00:00', 0),
(315, '2021-06-18', 12, 1, '', 0, '0000-00-00 00:00:00', 0),
(316, '2021-06-18', 11, 1, '', 0, '0000-00-00 00:00:00', 0),
(317, '2021-06-18', 7, 1, '', 0, '0000-00-00 00:00:00', 0),
(318, '2021-06-18', 5, 1, '', 0, '0000-00-00 00:00:00', 0),
(319, '2021-06-18', 19, 1, '', 0, '0000-00-00 00:00:00', 0),
(320, '2021-06-18', 17, 1, '', 0, '0000-00-00 00:00:00', 0),
(321, '2021-06-18', 16, 1, '', 0, '0000-00-00 00:00:00', 0),
(322, '2021-06-18', 20, 1, '', 0, '0000-00-00 00:00:00', 0),
(323, '2021-06-11', 21, 1, '', 0, '0000-00-00 00:00:00', 0),
(324, '2021-06-11', 15, 1, '', 0, '0000-00-00 00:00:00', 0),
(325, '2021-06-11', 10, 1, '', 0, '0000-00-00 00:00:00', 0),
(326, '2021-06-11', 9, 1, '', 0, '0000-00-00 00:00:00', 0),
(327, '2021-06-11', 8, 1, '', 0, '0000-00-00 00:00:00', 0),
(328, '2021-06-11', 18, 1, '', 0, '0000-00-00 00:00:00', 0),
(329, '2021-06-11', 62, 1, '', 0, '0000-00-00 00:00:00', 0),
(330, '2021-06-11', 60, 1, '', 0, '0000-00-00 00:00:00', 0),
(331, '2021-06-11', 57, 2, '', 0, '0000-00-00 00:00:00', 0),
(332, '2021-06-11', 14, 2, '', 0, '0000-00-00 00:00:00', 0),
(333, '2021-06-11', 12, 1, '', 0, '0000-00-00 00:00:00', 0),
(334, '2021-06-11', 11, 1, '', 0, '0000-00-00 00:00:00', 0),
(335, '2021-06-11', 7, 2, '', 0, '0000-00-00 00:00:00', 0),
(336, '2021-06-11', 5, 2, '', 0, '0000-00-00 00:00:00', 0),
(337, '2021-06-11', 19, 1, '', 0, '0000-00-00 00:00:00', 0),
(338, '2021-06-11', 17, 1, '', 0, '0000-00-00 00:00:00', 0),
(339, '2021-06-11', 16, 1, '', 0, '0000-00-00 00:00:00', 0),
(340, '2021-06-11', 20, 1, '', 0, '0000-00-00 00:00:00', 0),
(341, '2021-06-20', 21, 1, '', 0, '0000-00-00 00:00:00', 0),
(342, '2021-06-20', 15, 2, '', 0, '0000-00-00 00:00:00', 0),
(343, '2021-06-20', 10, 2, '', 0, '0000-00-00 00:00:00', 0),
(344, '2021-06-20', 9, 2, '', 0, '0000-00-00 00:00:00', 0),
(345, '2021-06-20', 8, 2, '', 0, '0000-00-00 00:00:00', 0),
(346, '2021-06-20', 18, 2, '', 0, '0000-00-00 00:00:00', 0),
(347, '2021-06-20', 62, 2, '', 0, '0000-00-00 00:00:00', 0),
(348, '2021-06-20', 60, 2, '', 0, '0000-00-00 00:00:00', 0),
(349, '2021-06-20', 57, 2, '', 0, '0000-00-00 00:00:00', 0),
(350, '2021-06-20', 14, 1, '', 0, '0000-00-00 00:00:00', 0),
(351, '2021-06-20', 12, 1, '', 0, '0000-00-00 00:00:00', 0),
(352, '2021-06-20', 11, 1, '', 0, '0000-00-00 00:00:00', 0),
(353, '2021-06-20', 7, 1, '', 0, '0000-00-00 00:00:00', 0),
(354, '2021-06-20', 5, 1, '', 0, '0000-00-00 00:00:00', 0),
(355, '2021-06-20', 19, 1, '', 0, '0000-00-00 00:00:00', 0),
(356, '2021-06-20', 17, 1, '', 0, '0000-00-00 00:00:00', 0),
(357, '2021-06-20', 16, 1, '', 0, '0000-00-00 00:00:00', 0),
(358, '2021-06-20', 20, 1, '', 0, '0000-00-00 00:00:00', 0),
(359, '2021-06-02', 21, 1, '', 0, '0000-00-00 00:00:00', 0),
(360, '2021-06-02', 62, 2, '', 0, '0000-00-00 00:00:00', 0),
(361, '2021-06-02', 60, 2, '', 0, '0000-00-00 00:00:00', 0),
(362, '2021-06-02', 57, 2, '', 0, '0000-00-00 00:00:00', 0),
(363, '2021-06-29', 21, 1, '', 0, '0000-00-00 00:00:00', 0),
(364, '2021-06-29', 15, 2, '', 0, '0000-00-00 00:00:00', 0),
(365, '2021-06-29', 10, 2, '', 0, '0000-00-00 00:00:00', 0),
(366, '2021-06-29', 9, 2, '', 0, '0000-00-00 00:00:00', 0),
(367, '2021-06-29', 8, 2, '', 0, '0000-00-00 00:00:00', 0),
(368, '2021-06-29', 18, 2, '', 0, '0000-00-00 00:00:00', 0),
(369, '2021-06-29', 62, 2, '', 0, '0000-00-00 00:00:00', 0),
(370, '2021-06-29', 60, 2, '', 0, '0000-00-00 00:00:00', 0),
(371, '2021-06-29', 57, 2, '', 0, '0000-00-00 00:00:00', 0),
(372, '2021-06-29', 14, 1, '', 0, '0000-00-00 00:00:00', 0),
(373, '2021-06-29', 12, 2, '', 0, '0000-00-00 00:00:00', 0),
(374, '2021-06-29', 11, 1, '', 0, '0000-00-00 00:00:00', 0),
(375, '2021-06-29', 7, 2, '', 0, '0000-00-00 00:00:00', 0),
(376, '2021-06-29', 5, 1, '', 0, '0000-00-00 00:00:00', 0),
(377, '2021-06-29', 19, 1, '', 0, '0000-00-00 00:00:00', 0),
(378, '2021-06-29', 17, 1, '', 0, '0000-00-00 00:00:00', 0),
(379, '2021-06-29', 16, 1, '', 0, '0000-00-00 00:00:00', 0),
(380, '2021-06-29', 20, 2, '', 0, '0000-00-00 00:00:00', 0),
(381, '2021-07-10', 21, 1, '', 0, '0000-00-00 00:00:00', 0),
(382, '2021-07-10', 10, 1, '', 0, '0000-00-00 00:00:00', 0),
(383, '2021-07-10', 9, 1, '', 0, '0000-00-00 00:00:00', 0),
(384, '2021-07-10', 8, 1, '', 0, '0000-00-00 00:00:00', 0),
(385, '2021-07-10', 18, 1, '', 0, '0000-00-00 00:00:00', 0),
(386, '2021-07-10', 15, 1, '', 0, '0000-00-00 00:00:00', 0),
(387, '2021-07-10', 62, 1, '', 0, '0000-00-00 00:00:00', 0),
(388, '2021-07-10', 60, 1, '', 0, '0000-00-00 00:00:00', 0),
(389, '2021-07-10', 57, 1, '', 0, '0000-00-00 00:00:00', 0),
(390, '2021-07-10', 14, 1, '', 0, '0000-00-00 00:00:00', 0),
(391, '2021-07-10', 12, 1, '', 0, '0000-00-00 00:00:00', 0),
(392, '2021-07-10', 11, 1, '', 0, '0000-00-00 00:00:00', 0),
(393, '2021-07-10', 7, 1, '', 0, '0000-00-00 00:00:00', 0),
(394, '2021-07-10', 5, 1, '', 0, '0000-00-00 00:00:00', 0),
(395, '2021-07-10', 19, 1, '', 0, '0000-00-00 00:00:00', 0),
(396, '2021-07-10', 17, 1, '', 0, '0000-00-00 00:00:00', 0),
(397, '2021-07-10', 16, 1, '', 0, '0000-00-00 00:00:00', 0),
(398, '2021-07-10', 20, 1, '', 0, '0000-00-00 00:00:00', 0),
(399, '2022-08-06', 21, 1, '', 0, '0000-00-00 00:00:00', 0),
(400, '2022-08-06', 18, 1, '', 0, '0000-00-00 00:00:00', 0),
(401, '2022-08-06', 15, 1, '', 0, '0000-00-00 00:00:00', 0),
(402, '2022-08-06', 10, 2, '', 0, '0000-00-00 00:00:00', 0),
(403, '2022-08-06', 9, 3, '', 0, '0000-00-00 00:00:00', 0),
(404, '2022-08-06', 8, 4, '', 0, '0000-00-00 00:00:00', 0),
(405, '2022-08-06', 62, 3, '', 0, '0000-00-00 00:00:00', 0),
(406, '2022-08-06', 60, 1, '', 0, '0000-00-00 00:00:00', 0),
(407, '2022-08-06', 57, 1, '', 0, '0000-00-00 00:00:00', 0),
(408, '2022-08-06', 19, 1, '', 0, '0000-00-00 00:00:00', 0),
(409, '2022-08-06', 17, 1, '', 0, '0000-00-00 00:00:00', 0),
(410, '2022-08-06', 16, 1, '', 0, '0000-00-00 00:00:00', 0),
(411, '2022-08-06', 14, 1, '', 0, '0000-00-00 00:00:00', 0),
(412, '2022-08-06', 12, 1, '', 0, '0000-00-00 00:00:00', 0),
(413, '2022-08-06', 11, 1, '', 0, '0000-00-00 00:00:00', 0),
(414, '2022-08-06', 7, 1, '', 0, '0000-00-00 00:00:00', 0),
(415, '2022-08-06', 5, 1, '', 0, '0000-00-00 00:00:00', 0),
(416, '2022-08-06', 20, 1, '', 0, '0000-00-00 00:00:00', 0),
(417, '2022-12-20', 21, 5, '', 0, '0000-00-00 00:00:00', 0),
(418, '2022-12-20', 63, 5, '', 0, '0000-00-00 00:00:00', 0),
(419, '2022-12-20', 18, 5, '', 0, '0000-00-00 00:00:00', 0),
(420, '2022-12-20', 15, 5, '', 0, '0000-00-00 00:00:00', 0),
(421, '2022-12-20', 10, 5, '', 0, '0000-00-00 00:00:00', 0),
(422, '2022-12-20', 9, 5, '', 0, '0000-00-00 00:00:00', 0),
(423, '2022-12-20', 8, 5, '', 0, '0000-00-00 00:00:00', 0),
(424, '2022-12-20', 62, 5, '', 0, '0000-00-00 00:00:00', 0),
(425, '2022-12-20', 60, 5, '', 0, '0000-00-00 00:00:00', 0),
(426, '2022-12-20', 57, 5, '', 0, '0000-00-00 00:00:00', 0),
(427, '2022-12-20', 19, 5, '', 0, '0000-00-00 00:00:00', 0),
(428, '2022-12-20', 17, 5, '', 0, '0000-00-00 00:00:00', 0),
(429, '2022-12-20', 16, 5, '', 0, '0000-00-00 00:00:00', 0),
(430, '2022-12-20', 14, 5, '', 0, '0000-00-00 00:00:00', 0),
(431, '2022-12-20', 12, 5, '', 0, '0000-00-00 00:00:00', 0),
(432, '2022-12-20', 11, 5, '', 0, '0000-00-00 00:00:00', 0),
(433, '2022-12-20', 7, 5, '', 0, '0000-00-00 00:00:00', 0),
(434, '2022-12-20', 5, 5, '', 0, '0000-00-00 00:00:00', 0),
(435, '2022-12-20', 20, 5, '', 0, '0000-00-00 00:00:00', 0);

-- --------------------------------------------------------

--
-- Table structure for table `employee_attendance_type`
--

CREATE TABLE `employee_attendance_type` (
  `id` int(11) NOT NULL,
  `type` varchar(200) NOT NULL,
  `key_value` varchar(200) NOT NULL,
  `is_active` varchar(50) NOT NULL,
  `created_at` timestamp NOT NULL DEFAULT current_timestamp() ON UPDATE current_timestamp(),
  `updated_at` timestamp NOT NULL DEFAULT '0000-00-00 00:00:00'
) ENGINE=InnoDB DEFAULT CHARSET=utf8;

--
-- Dumping data for table `employee_attendance_type`
--

INSERT INTO `employee_attendance_type` (`id`, `type`, `key_value`, `is_active`, `created_at`, `updated_at`) VALUES
(1, 'Present', '<b class=\"text text-success\">P</b>', 'yes', '0000-00-00 00:00:00', '0000-00-00 00:00:00'),
(2, 'Late', '<b class=\"text text-warning\">L</b>', 'yes', '0000-00-00 00:00:00', '0000-00-00 00:00:00'),
(3, 'Absent', '<b class=\"text text-danger\">A</b>', 'yes', '0000-00-00 00:00:00', '0000-00-00 00:00:00'),
(4, 'Half Day', '<b class=\"text text-warning\">F</b>', 'yes', '2018-05-07 01:56:16', '0000-00-00 00:00:00'),
(5, 'Holiday', 'H', 'yes', '0000-00-00 00:00:00', '0000-00-00 00:00:00');

-- --------------------------------------------------------

--
-- Table structure for table `employee_payslip`
--

CREATE TABLE `employee_payslip` (
  `id` int(11) NOT NULL,
  `emp_id` int(11) NOT NULL,
  `basic` int(11) NOT NULL,
  `total_allowance` int(11) NOT NULL,
  `total_deduction` int(11) NOT NULL,
  `leave_deduction` int(11) NOT NULL,
  `tax` varchar(200) NOT NULL,
  `net_salary` int(11) NOT NULL,
  `status` varchar(100) NOT NULL,
  `month` varchar(200) NOT NULL,
  `year` varchar(200) NOT NULL,
  `payment_mode` varchar(200) NOT NULL,
  `payment_date` date NOT NULL,
  `remark` varchar(200) NOT NULL
) ENGINE=InnoDB DEFAULT CHARSET=utf8;

--
-- Dumping data for table `employee_payslip`
--

INSERT INTO `employee_payslip` (`id`, `emp_id`, `basic`, `total_allowance`, `total_deduction`, `leave_deduction`, `tax`, `net_salary`, `status`, `month`, `year`, `payment_mode`, `payment_date`, `remark`) VALUES
(70, 8, 50000, 0, 0, 0, '0', 50000, 'generated', 'May', '2021', 'cheque', '2021-06-26', ''),
(71, 9, 100000, 0, 0, 0, '0', 100000, 'generated', 'May', '2021', 'cheque', '2021-06-26', ''),
(73, 7, 100000, 0, 0, 0, '0', 100000, 'generated', 'May', '2021', '', '2021-06-26', ''),
(74, 15, 50000, 0, 0, 0, '0', 50000, 'generated', 'May', '2021', '', '2021-06-26', ''),
(75, 18, 50000, 0, 0, 0, '0', 50000, 'generated', 'May', '2021', '', '2021-06-26', ''),
(76, 10, 70000, 0, 0, 0, '0', 70000, 'generated', 'May', '2021', '', '2021-06-26', ''),
(77, 11, 60000, 0, 0, 0, '0', 60000, 'generated', 'May', '2021', '', '2021-06-26', ''),
(80, 57, 30000, 10000, 5000, 0, '0', 35000, 'generated', 'May', '2021', '', '2021-06-28', ''),
(81, 5, 30000, 5000, 2000, 0, '0', 33000, 'generated', 'May', '2021', '', '2021-06-28', ''),
(82, 21, 35000, 5000, 2000, 0, '0', 38000, 'generated', 'May', '2021', '', '2021-06-28', ''),
(83, 12, 50000, 0, 0, 0, '0', 50000, 'generated', 'May', '2021', '', '2021-06-28', ''),
(88, 5, 50000, 20000, 0, 0, '1000', 69000, 'paid', 'June', '2021', 'cash', '2021-07-08', ''),
(89, 16, 50000, 0, 0, 0, '0', 50000, 'paid', 'June', '2021', 'cash', '2021-07-08', ''),
(90, 7, 75000, 0, 0, 0, '1250', 73750, 'paid', 'June', '2021', 'cash', '2021-07-08', ''),
(91, 10, 50000, 0, 0, 0, '0', 50000, 'generated', 'June', '2021', '', '2021-07-09', ''),
(92, 8, 50000, 0, 0, 0, '0', 50000, 'generated', 'June', '2021', '', '2021-07-09', ''),
(95, 60, 80000, 17500, 14000, 0, '0', 83500, 'paid', 'June', '2021', 'cash', '2021-07-10', ''),
(97, 21, 70000, 10000, 0, 0, '0', 80000, 'paid', 'June', '2021', 'cash', '2021-07-10', ''),
(98, 21, 70000, 10000, 0, 0, '0', 80000, 'paid', 'July', '2021', 'cash', '2022-08-06', ''),
(99, 10, 200000, 0, 0, 0, '15000', 185000, 'generated', 'July', '2021', '', '2022-08-06', ''),
(100, 62, 60000, 9000, 0, 0, '550', 68450, 'generated', 'July', '2021', '', '2022-08-06', ''),
(101, 20, 70000, 15000, 0, 0, '0', 85000, 'generated', 'July', '2021', '', '2022-08-06', ''),
(102, 21, 70000, 10000, 0, 0, '750', 79250, 'paid', 'November', '2021', 'cash', '2022-12-20', ''),
(103, 9, 50000, 0, 0, 0, '0', 50000, 'generated', 'November', '2021', '', '2022-12-20', ''),
(104, 20, 70000, 15000, 0, 0, '0', 85000, 'generated', 'November', '2021', '', '2022-12-20', ''),
(105, 63, 30000, 0, 0, 0, '0', 30000, 'paid', 'January', '2021', 'cash', '2023-02-01', 'sds'),
(106, 63, 30000, 0, 0, 0, '0', 30000, 'paid', 'December', '2021', 'cash', '2023-02-01', ''),
(107, 63, 30000, 0, 0, 0, '0', 30000, 'paid', 'December', '2022', 'cash', '2023-02-01', '');

-- --------------------------------------------------------

--
-- Table structure for table `leave`
--

CREATE TABLE `leave` (
  `leave_id` int(11) NOT NULL,
  `empid` int(11) NOT NULL,
  `leave_type` varchar(50) NOT NULL,
  `leave_number` float NOT NULL,
  `leave_date` date NOT NULL,
  `leave_month` int(11) NOT NULL,
  `leave_reason` text NOT NULL,
  `leave_year` int(11) NOT NULL
) ENGINE=InnoDB DEFAULT CHARSET=latin1;

-- --------------------------------------------------------

--
-- Table structure for table `leave_types`
--

CREATE TABLE `leave_types` (
  `id` int(11) NOT NULL,
  `type` varchar(200) NOT NULL,
  `days` int(11) NOT NULL,
  `is_active` varchar(50) NOT NULL
) ENGINE=InnoDB DEFAULT CHARSET=utf8;

--
-- Dumping data for table `leave_types`
--

INSERT INTO `leave_types` (`id`, `type`, `days`, `is_active`) VALUES
(6, 'Casual', 10, 'Yes'),
(7, 'Medical', 8, 'Yes'),
(8, 'Annual', 26, 'Yes'),
(9, 'Maternity', 120, 'Yes'),
(11, 'Pilgrimage', 15, 'Yes'),
(12, 'Hajj Short', 15, 'Yes'),
(13, 'Hajj Full', 14, 'Yes');

-- --------------------------------------------------------

--
-- Table structure for table `migrations`
--

CREATE TABLE `migrations` (
  `id` bigint(20) UNSIGNED NOT NULL,
  `version` varchar(255) NOT NULL,
  `class` varchar(255) NOT NULL,
  `group` varchar(255) NOT NULL,
  `namespace` varchar(255) NOT NULL,
  `time` int(11) NOT NULL,
  `batch` int(11) UNSIGNED NOT NULL
) ENGINE=InnoDB DEFAULT CHARSET=utf8;

--
-- Dumping data for table `migrations`
--

INSERT INTO `migrations` (`id`, `version`, `class`, `group`, `namespace`, `time`, `batch`) VALUES
(4, '20210408071206', 'App\\Database\\Migrations\\CreateUsersTable', 'default', 'App', 1617873278, 1),
(14, '20210413064740', 'App\\Database\\Migrations\\CreateEmployeeTable', 'default', 'App', 1618565415, 2),
(22, '20210426054103', 'App\\Database\\Migrations\\Createlogtable', 'default', 'App', 1619592324, 3),
(23, '20210428053040', 'App\\Database\\Migrations\\Addcolumntoemployeestable', 'default', 'App', 1619592324, 3),
(30, '20210429070921', 'App\\Database\\Migrations\\Createdocumenttable', 'default', 'App', 1619683149, 4),
(31, '20210524091527', 'App\\Database\\Migrations\\Createdepartmenttable', 'default', 'App', 1621847882, 5),
(32, '20210525044401', 'App\\Database\\Migrations\\Createdesignationtable', 'default', 'App', 1621917978, 6);

-- --------------------------------------------------------

--
-- Table structure for table `overtime`
--

CREATE TABLE `overtime` (
  `overtime_id` int(11) NOT NULL,
  `empid` int(11) NOT NULL,
  `overtime_type` varchar(200) NOT NULL,
  `overtime_number` int(11) NOT NULL,
  `overtime_amount` double NOT NULL,
  `overtime_reason` text NOT NULL,
  `overtime_date` date NOT NULL,
  `overtime_month` int(11) NOT NULL,
  `overtime_year` int(11) NOT NULL
) ENGINE=InnoDB DEFAULT CHARSET=latin1;

-- --------------------------------------------------------

--
-- Table structure for table `payroll_salary_detail`
--

CREATE TABLE `payroll_salary_detail` (
  `detail_id` int(11) NOT NULL,
  `salary_id` int(11) NOT NULL,
  `allow_id` int(11) NOT NULL,
  `allow_amount` float NOT NULL,
  `created_by` int(11) NOT NULL,
  `created_at` timestamp NOT NULL DEFAULT current_timestamp() ON UPDATE current_timestamp(),
  `updated_by` int(11) DEFAULT NULL,
  `updated_at` timestamp NULL DEFAULT NULL ON UPDATE current_timestamp()
) ENGINE=InnoDB DEFAULT CHARSET=latin1;

--
-- Dumping data for table `payroll_salary_detail`
--

INSERT INTO `payroll_salary_detail` (`detail_id`, `salary_id`, `allow_id`, `allow_amount`, `created_by`, `created_at`, `updated_by`, `updated_at`) VALUES
(40, 19, 13, 10000, 8, '2021-07-05 11:09:23', NULL, NULL),
(41, 19, 14, 10000, 8, '2021-07-05 11:09:35', NULL, NULL),
(42, 20, 13, 10000, 8, '2021-07-05 11:25:47', NULL, NULL),
(44, 20, 18, 5000, 8, '2021-07-05 11:26:12', NULL, NULL),
(45, 20, 19, 5000, 8, '2021-07-06 06:17:21', NULL, NULL),
(46, 24, 14, 5000, 8, '2021-07-10 10:08:49', NULL, NULL),
(47, 24, 15, 5000, 8, '2021-07-10 10:09:02', NULL, NULL),
(48, 23, 13, 5000, 8, '2021-07-10 11:18:56', NULL, NULL),
(49, 23, 14, 2000, 8, '2021-07-10 11:19:04', NULL, NULL),
(50, 23, 15, 2000, 8, '2021-07-10 11:19:14', NULL, NULL),
(51, 23, 17, 1000, 8, '2021-07-10 11:19:23', NULL, NULL),
(52, 23, 18, 2000, 8, '2021-07-10 11:19:35', NULL, NULL),
(53, 23, 19, 1500, 8, '2021-07-10 11:19:46', NULL, NULL),
(54, 23, 20, 2000, 8, '2021-07-10 11:20:14', NULL, NULL),
(55, 23, 21, 1000, 8, '2021-07-10 11:20:24', NULL, NULL),
(56, 23, 22, 1000, 8, '2021-07-10 11:20:35', NULL, NULL),
(57, 25, 14, 10000, 8, '2021-07-10 11:40:09', NULL, NULL),
(58, 25, 17, 5000, 8, '2021-07-10 11:40:48', NULL, NULL),
(59, 26, 13, 5000, 5, '2022-08-06 13:11:36', NULL, NULL),
(60, 26, 19, 2000, 5, '2022-08-06 13:11:49', NULL, NULL),
(61, 26, 17, 5000, 5, '2022-08-06 13:12:22', NULL, NULL),
(62, 22, 13, 5000, 5, '2022-08-06 13:15:23', NULL, NULL),
(63, 22, 14, 2000, 5, '2022-08-06 13:15:34', NULL, NULL),
(64, 22, 19, 2000, 5, '2022-08-06 13:16:05', NULL, NULL),
(65, 27, 13, 6000, 5, '2022-08-06 14:30:08', NULL, NULL);

-- --------------------------------------------------------

--
-- Table structure for table `payroll_salary_main`
--

CREATE TABLE `payroll_salary_main` (
  `salary_id` int(11) NOT NULL,
  `emp_id` int(11) NOT NULL,
  `basic_salary` float NOT NULL,
  `house_rent` float NOT NULL,
  `utilities` float NOT NULL,
  `total_salary` int(11) NOT NULL,
  `salary_status` varchar(50) NOT NULL,
  `created_by` int(11) NOT NULL,
  `created_at` timestamp NOT NULL DEFAULT current_timestamp(),
  `updated_by` int(11) DEFAULT NULL,
  `updated_at` timestamp NULL DEFAULT NULL ON UPDATE current_timestamp()
) ENGINE=InnoDB DEFAULT CHARSET=latin1;

--
-- Dumping data for table `payroll_salary_main`
--

INSERT INTO `payroll_salary_main` (`salary_id`, `emp_id`, `basic_salary`, `house_rent`, `utilities`, `total_salary`, `salary_status`, `created_by`, `created_at`, `updated_by`, `updated_at`) VALUES
(18, 5, 44000, 35200, 8800, 88000, 'Deactived', 8, '2021-07-05 11:00:31', 8, '2021-07-05 11:07:46'),
(19, 5, 18750, 15000, 3750, 37500, 'Deactived', 8, '2021-07-05 11:07:46', 8, '2021-07-05 11:23:33'),
(20, 5, 25000, 20000, 5000, 50000, 'Active', 8, '2021-07-05 11:25:29', NULL, NULL),
(21, 7, 37500, 30000, 7500, 75000, 'Active', 8, '2021-07-05 12:15:33', NULL, NULL),
(22, 62, 25000, 20000, 5000, 50000, 'Active', 8, '2021-07-10 06:15:23', NULL, NULL),
(23, 60, 40000, 32000, 8000, 80000, 'Active', 8, '2021-07-10 06:15:46', NULL, NULL),
(24, 21, 35000, 28000, 7000, 70000, 'Active', 8, '2021-07-10 10:08:19', NULL, NULL),
(25, 20, 35000, 28000, 7000, 70000, 'Active', 8, '2021-07-10 11:39:49', NULL, NULL),
(26, 10, 45000, 36000, 9000, 90000, 'Active', 5, '2022-08-06 13:11:13', NULL, NULL),
(27, 23, 52500, 42000, 10500, 105000, 'Active', 5, '2022-08-06 14:29:12', NULL, NULL),
(28, 63, 22000, 5000, 3000, 30000, 'Active', 11, '2023-02-01 18:07:24', NULL, '2023-02-01 18:09:19');

-- --------------------------------------------------------

--
-- Table structure for table `payslip_allowance`
--

CREATE TABLE `payslip_allowance` (
  `id` int(11) NOT NULL,
  `payslip_id` int(11) NOT NULL,
  `allowance_type` varchar(200) NOT NULL,
  `amount` int(11) NOT NULL,
  `emp_id` int(11) NOT NULL,
  `cal_type` varchar(100) NOT NULL
) ENGINE=InnoDB DEFAULT CHARSET=utf8;

--
-- Dumping data for table `payslip_allowance`
--

INSERT INTO `payslip_allowance` (`id`, `payslip_id`, `allowance_type`, `amount`, `emp_id`, `cal_type`) VALUES
(148, 70, '', 0, 8, 'positive'),
(149, 70, '', 0, 8, 'negative'),
(150, 71, '', 0, 9, 'positive'),
(151, 71, '', 0, 9, 'negative'),
(154, 73, '', 0, 7, 'positive'),
(155, 73, '', 0, 7, 'negative'),
(156, 74, '', 0, 15, 'positive'),
(157, 74, '', 0, 15, 'negative'),
(158, 75, '', 0, 18, 'positive'),
(159, 75, '', 0, 18, 'negative'),
(160, 76, '', 0, 10, 'positive'),
(161, 76, '', 0, 10, 'negative'),
(162, 77, '', 0, 11, 'positive'),
(163, 77, '', 0, 11, 'negative'),
(169, 80, 'Bonus', 10000, 57, 'positive'),
(170, 80, 'Absent', 5000, 57, 'negative'),
(171, 81, 'Bonus', 5000, 5, 'positive'),
(172, 81, 'Absent', 2000, 5, 'negative'),
(173, 82, 'Bonus', 5000, 21, 'positive'),
(174, 82, 'Absent', 2000, 21, 'negative'),
(175, 83, '', 0, 12, 'positive'),
(176, 83, '', 0, 12, 'negative'),
(187, 88, 'Special House Rent', 10000, 5, 'positive'),
(188, 88, 'Incentive', 5000, 5, 'positive'),
(189, 88, 'Fuel', 5000, 5, 'positive'),
(190, 88, '', 0, 5, 'negative'),
(191, 89, '', 0, 16, 'positive'),
(192, 89, '', 0, 16, 'negative'),
(193, 90, '', 0, 7, 'positive'),
(194, 90, '', 0, 7, 'negative'),
(195, 91, '', 0, 10, 'positive'),
(196, 91, '', 0, 10, 'negative'),
(197, 92, '', 0, 8, 'positive'),
(198, 92, '', 0, 8, 'negative'),
(205, 95, 'Special House Rent', 5000, 60, 'positive'),
(206, 95, 'Car Allowance', 2000, 60, 'positive'),
(207, 95, 'Car Repair & Maintenance', 2000, 60, 'positive'),
(208, 95, 'Dearness', 1000, 60, 'positive'),
(209, 95, 'Incentive', 2000, 60, 'positive'),
(210, 95, 'Fuel', 1500, 60, 'positive'),
(211, 95, 'Overtime', 2000, 60, 'positive'),
(212, 95, 'Sunday / Holiday', 1000, 60, 'positive'),
(213, 95, 'Extra Duty', 1000, 60, 'positive'),
(214, 95, 'Eobi', 1000, 60, 'negative'),
(215, 95, 'Advance Salary', 5000, 60, 'negative'),
(216, 95, 'Wrong Payment', 2000, 60, 'negative'),
(217, 95, 'Disciplinary Penalties', 1000, 60, 'negative'),
(218, 95, 'Arrears', 5000, 60, 'negative'),
(223, 97, 'Car Allowance', 5000, 21, 'positive'),
(224, 97, 'Car Repair & Maintenance', 5000, 21, 'positive'),
(225, 97, '', 0, 21, 'negative'),
(226, 98, 'Car Allowance', 5000, 21, 'positive'),
(227, 98, 'Car Repair & Maintenance', 5000, 21, 'positive'),
(228, 98, '', 0, 21, 'negative'),
(229, 99, '', 0, 10, 'positive'),
(230, 99, '', 0, 10, 'negative'),
(231, 100, 'Special House Rent', 5000, 62, 'positive'),
(232, 100, 'Car Allowance', 2000, 62, 'positive'),
(233, 100, 'Fuel', 2000, 62, 'positive'),
(234, 100, '', 0, 62, 'negative'),
(235, 101, 'Car Allowance', 10000, 20, 'positive'),
(236, 101, 'Dearness', 5000, 20, 'positive'),
(237, 101, '', 0, 20, 'negative'),
(238, 102, 'Car Allowance', 5000, 21, 'positive'),
(239, 102, 'Car Repair & Maintenance', 5000, 21, 'positive'),
(240, 102, '', 0, 21, 'negative'),
(241, 103, '', 0, 9, 'positive'),
(242, 103, '', 0, 9, 'negative'),
(243, 104, 'Car Allowance', 10000, 20, 'positive'),
(244, 104, 'Dearness', 5000, 20, 'positive'),
(245, 104, '', 0, 20, 'negative'),
(246, 105, '', 0, 63, 'positive'),
(247, 105, '', 0, 63, 'negative'),
(248, 106, '', 0, 63, 'positive'),
(249, 106, '', 0, 63, 'negative'),
(250, 107, '', 0, 63, 'positive'),
(251, 107, '', 0, 63, 'negative');

-- --------------------------------------------------------

--
-- Table structure for table `saimtech_category`
--

CREATE TABLE `saimtech_category` (
  `category_id` int(11) NOT NULL,
  `title` varchar(60) NOT NULL,
  `code` varchar(60) NOT NULL,
  `desc` varchar(200) NOT NULL,
  `is_active` tinyint(4) NOT NULL DEFAULT 1,
  `created_at` datetime NOT NULL DEFAULT current_timestamp()
) ENGINE=InnoDB DEFAULT CHARSET=utf8mb4;

--
-- Dumping data for table `saimtech_category`
--

INSERT INTO `saimtech_category` (`category_id`, `title`, `code`, `desc`, `is_active`, `created_at`) VALUES
(1, 'Pizza', 'PIZ-001', 'none\n', 1, '0000-00-00 00:00:00'),
(2, 'Burger', 'BURGER-123', 'none\n', 1, '0000-00-00 00:00:00'),
(3, 'Shawarma', 'SHAW-779', 'none', 1, '0000-00-00 00:00:00'),
(4, 'test', 'TEST-46', 'none', 0, '0000-00-00 00:00:00');

-- --------------------------------------------------------

--
-- Table structure for table `saimtech_departments`
--

CREATE TABLE `saimtech_departments` (
  `depid` int(11) NOT NULL,
  `department_name` varchar(50) NOT NULL,
  `created_at` timestamp NOT NULL DEFAULT current_timestamp() ON UPDATE current_timestamp()
) ENGINE=InnoDB DEFAULT CHARSET=utf8;

--
-- Dumping data for table `saimtech_departments`
--

INSERT INTO `saimtech_departments` (`depid`, `department_name`, `created_at`) VALUES
(1, 'CS', '2021-05-24 09:22:37'),
(2, 'IT', '2021-05-24 11:23:40'),
(3, 'Accounts', '2021-05-24 11:24:02'),
(4, 'Sales', '2021-05-24 11:32:03'),
(6, 'HR', '2021-06-26 09:54:57'),
(7, 'CFO', '2022-08-06 12:39:25'),
(8, 'test', '2022-11-30 19:00:03');

-- --------------------------------------------------------

--
-- Table structure for table `saimtech_designations`
--

CREATE TABLE `saimtech_designations` (
  `desid` int(11) NOT NULL,
  `designation_name` varchar(50) NOT NULL,
  `created_at` timestamp NOT NULL DEFAULT current_timestamp() ON UPDATE current_timestamp()
) ENGINE=InnoDB DEFAULT CHARSET=utf8;

--
-- Dumping data for table `saimtech_designations`
--

INSERT INTO `saimtech_designations` (`desid`, `designation_name`, `created_at`) VALUES
(1, 'Web Developer', '2021-05-25 04:47:43'),
(2, 'IT Head', '2021-05-25 06:51:47'),
(3, 'Accountant', '2021-05-31 07:18:21'),
(4, 'saleman', '2021-05-31 07:20:50'),
(5, 'IT Support', '2021-05-31 07:22:36'),
(6, 'Assistant', '2021-06-26 09:55:14'),
(7, 'Senior PHP Developer', '2023-02-01 18:04:16');

-- --------------------------------------------------------

--
-- Table structure for table `saimtech_document`
--

CREATE TABLE `saimtech_document` (
  `doc_id` int(11) NOT NULL,
  `doc_name` varchar(350) NOT NULL,
  `doc_type` varchar(150) NOT NULL,
  `doc_description` text NOT NULL,
  `doc_path` text NOT NULL,
  `emp_id` int(11) NOT NULL,
  `created_by` int(11) NOT NULL,
  `created_at` timestamp NOT NULL DEFAULT current_timestamp() ON UPDATE current_timestamp()
) ENGINE=InnoDB DEFAULT CHARSET=utf8;

--
-- Dumping data for table `saimtech_document`
--

INSERT INTO `saimtech_document` (`doc_id`, `doc_name`, `doc_type`, `doc_description`, `doc_path`, `emp_id`, `created_by`, `created_at`) VALUES
(7, 'Testing', 'xlsx', 'Testing', '1619769164_bfac34ec2a316337c8dc.xlsx', 4, 0, '2021-04-30 07:52:44'),
(11, 'sdfdsaf', 'docx', 'sadffff', '1620017442_2b1ebfef5a9ed4500340.docx', 5, 0, '2021-05-03 04:50:42'),
(16, 'testing', 'xlsx', 'new', '1620022513_334615d3b23c3399e797.xlsx', 13, 0, '2021-05-03 06:15:13'),
(17, 'hhhh', 'xlsx', 'hhhhh', '1620022627_ab57a1019885b28697eb.xlsx', 6, 0, '2021-05-03 06:17:07'),
(19, 'testing', 'xlsx', 'testings', '1620027924_7d26eebde9a6d97df654.xlsx', 4, 0, '2021-05-03 07:45:24'),
(20, 'new ', 'xlsx', 'record', '1620028073_cfe1ba125556e302dce1.xlsx', 4, 0, '2021-05-03 07:47:53'),
(24, 'trest', 'pdf', 'tewst', '1670008010_888592f086e54c870988.pdf', 5, 0, '2022-12-02 19:06:50');

-- --------------------------------------------------------

--
-- Table structure for table `saimtech_employees`
--

CREATE TABLE `saimtech_employees` (
  `emp_id` int(11) NOT NULL,
  `emp_card_id` int(11) DEFAULT NULL,
  `fname` varchar(50) NOT NULL,
  `lname` varchar(50) NOT NULL,
  `father_name` varchar(50) NOT NULL,
  `cnic` varchar(50) NOT NULL,
  `email` varchar(250) NOT NULL,
  `official_email` varchar(50) NOT NULL,
  `contact_no` varchar(15) NOT NULL,
  `gender` varchar(10) NOT NULL,
  `marital_status` varchar(10) NOT NULL,
  `blood_group` varchar(10) DEFAULT NULL,
  `dob` date NOT NULL,
  `family_members` varchar(20) NOT NULL,
  `emergency_contact_no` varchar(15) NOT NULL,
  `emergency_contact_relation` varchar(15) NOT NULL,
  `image` text DEFAULT NULL,
  `city` varchar(20) NOT NULL,
  `province` varchar(20) NOT NULL,
  `address` text NOT NULL,
  `designation_id` varchar(20) NOT NULL,
  `department_id` varchar(20) NOT NULL,
  `category` varchar(30) NOT NULL,
  `division_id` varchar(20) NOT NULL,
  `company_id` varchar(50) NOT NULL,
  `doj` date NOT NULL,
  `reporting_area` varchar(20) NOT NULL,
  `reporting_region` varchar(20) NOT NULL,
  `machine_id` varchar(20) DEFAULT NULL,
  `shift` varchar(20) NOT NULL,
  `rank` varchar(20) NOT NULL,
  `education_type` varchar(30) NOT NULL,
  `education` varchar(30) NOT NULL,
  `previous_comp` varchar(30) DEFAULT NULL,
  `previous_comp_designation` varchar(30) DEFAULT NULL,
  `experience` varchar(20) DEFAULT NULL,
  `bank_name` varchar(30) DEFAULT NULL,
  `account_title` varchar(30) DEFAULT NULL,
  `account_no` varchar(20) DEFAULT NULL,
  `account_iban` varchar(20) DEFAULT NULL,
  `ntn` varchar(20) DEFAULT NULL,
  `is_taxable` int(11) NOT NULL,
  `is_flag` int(11) DEFAULT NULL,
  `falg_color` varchar(20) DEFAULT NULL,
  `flag_reason` varchar(100) DEFAULT NULL,
  `emp_dol` date DEFAULT NULL,
  `emp_leave_type` varchar(20) DEFAULT NULL,
  `emp_l_reason` varchar(250) DEFAULT NULL,
  `emp_status` varchar(50) DEFAULT 'active',
  `is_enable` int(11) DEFAULT NULL,
  `created_by` int(11) DEFAULT NULL,
  `created_at` timestamp NOT NULL DEFAULT current_timestamp(),
  `updated_at` datetime NOT NULL
) ENGINE=InnoDB DEFAULT CHARSET=utf8;

--
-- Dumping data for table `saimtech_employees`
--

INSERT INTO `saimtech_employees` (`emp_id`, `emp_card_id`, `fname`, `lname`, `father_name`, `cnic`, `email`, `official_email`, `contact_no`, `gender`, `marital_status`, `blood_group`, `dob`, `family_members`, `emergency_contact_no`, `emergency_contact_relation`, `image`, `city`, `province`, `address`, `designation_id`, `department_id`, `category`, `division_id`, `company_id`, `doj`, `reporting_area`, `reporting_region`, `machine_id`, `shift`, `rank`, `education_type`, `education`, `previous_comp`, `previous_comp_designation`, `experience`, `bank_name`, `account_title`, `account_no`, `account_iban`, `ntn`, `is_taxable`, `is_flag`, `falg_color`, `flag_reason`, `emp_dol`, `emp_leave_type`, `emp_l_reason`, `emp_status`, `is_enable`, `created_by`, `created_at`, `updated_at`) VALUES
(4, 1019, 'Talha', 'Afzal', 'Afzal', '3193246445662', 'eyatlha@gmail.com', '', '03603113163', 'Male', 'Single', 'A+', '2021-12-31', '6', '03031231311', 'Father', 'public/img/l-2.jpg', 'Lahore', 'Punjab', 'Lahore', '1', '2', 'Permanant', '1', 'T.M Cargo & Logistics', '2021-12-31', 'Lahore', 'East', 'null', 'Day', '1', 'Matric', 'lahore', '', '', '', '', '', NULL, NULL, NULL, 0, NULL, NULL, NULL, '2021-04-01', NULL, 'Late Salary', 'deactive', NULL, NULL, '2021-04-21 10:11:48', '0000-00-00 00:00:00'),
(5, 1018, 'Usman', 'Azeem', 'Muhammad Azeem', '3520274024335', 'mughalusman300@gmail.com', '', '03034402363', 'Male', 'Single', 'A+', '2021-12-31', '8', '03034402363', 'Father', 'public/img/IMG_1163.JPG', 'Lahore', 'Punjab', '123 st, badami bagh ,lahore', '1', '2', 'Permanant', '3', 'T.M Cargo & Logistics', '2021-12-30', 'Lahore', 'East', NULL, 'Day', '1', 'P.H.D', 'PHD', '', '', '', '', '', NULL, NULL, NULL, 1, NULL, NULL, NULL, NULL, NULL, NULL, 'active', NULL, NULL, '2021-04-21 09:54:18', '0000-00-00 00:00:00'),
(6, 1017, 'Farhan', 'Sajid', 'Sajid', '3520241578965', 'farhan@gmail.com', '', '03031346798', 'Male', 'Single', 'A+', '2001-11-09', '6', '03031647956', 'Father', 'public/img/l-3.jpg', 'Lahore', 'Punjab', 'Salamat Pora, Lahore', '1', '2', 'Permanant', '1', 'T.M Cargo & Logistics', '2021-01-01', 'Lahore', 'East', NULL, 'Day', '9', 'bachelor', 'B.A', '', '', '', '', '', NULL, NULL, NULL, 0, NULL, NULL, NULL, '2021-04-07', NULL, 'Moving to another city', 'deactive', NULL, NULL, '2021-04-19 08:55:14', '0000-00-00 00:00:00'),
(7, 1016, 'Sofia ', 'Zahid', 'Zahid', '3520278545698', 'sofia@gmail.com', '', '03031464644', 'Female', 'Single', 'A+', '1992-03-18', '6', '030124523654', 'Father', 'public/img/l-5.jpg', 'Lahore', 'Punjab', 'Lahore', '1', '2', 'Contract', '1', 'T.M Cargo & Logistics', '2015-12-31', 'Lahore', 'East', NULL, 'Day', '3', 'Master', 'M.A', '', '', '', '', '', NULL, NULL, NULL, 1, NULL, NULL, NULL, NULL, NULL, NULL, 'active', NULL, NULL, '2021-04-19 08:55:14', '0000-00-00 00:00:00'),
(8, 1015, 'Rizwan', 'Zamin', 'Zamin', '3520245678988', 'halaq@gmail.com', '', '03031316454', 'Male', 'Single', 'A+', '2001-12-31', '6', '03031313111', 'Father', NULL, 'Lahore', 'Punjab', 'Lahore', '1', '1', 'Permanant', '1', 'T.M Cargo & Logistics', '2015-12-31', 'Lahore', 'East', NULL, 'Day', '5', 'bachelor', 'BS', '', '', '', '', '', NULL, NULL, NULL, 0, NULL, NULL, NULL, NULL, NULL, NULL, 'active', NULL, NULL, '2021-04-21 08:24:46', '0000-00-00 00:00:00'),
(9, 1014, 'as;djf', 'a;jf', ';jasdf;aj', '3520204646464', 'dsfa@gmail.com', '', '03031313131', 'Male', 'Single', 'A+', '2018-12-31', '6', '3131313130', 'Father', 'public/img/l-2.jpg', 'Lahore', 'Punjab', 'Lahore', '1', '1', 'Permanant', '1', 'T.M Cargo & Logistics', '2021-12-31', 'Lahore', 'East', NULL, 'Day', '1', 'Matric', 'matric', '', '', '', '', '', NULL, NULL, NULL, 0, NULL, NULL, NULL, NULL, NULL, NULL, 'active', NULL, NULL, '2021-04-19 08:55:14', '0000-00-00 00:00:00'),
(10, 1013, 'Mughal', 'Tahir', 'Tahir', '3520204646445', 'dddsfa@gmail.com', '', '03031313131', 'Male', 'Single', 'A+', '2018-12-31', '6', '3131313130', 'Father', 'public/img/IMG_1163.JPG', 'Lahore', 'Punjab', 'Lahore', '1', '1', 'Permanant', '1', 'T.M Cargo & Logistics', '2021-12-31', 'Lahore', 'East', NULL, 'Day', '1', 'Matric', 'matric', '', '', '', '', '', NULL, '123', NULL, 1, NULL, NULL, NULL, NULL, NULL, NULL, 'active', NULL, NULL, '2021-04-21 10:12:45', '0000-00-00 00:00:00'),
(11, 1012, 'Fajar', 'Rahmat', 'Rahmat', '3520246464655', 'm@gmail.com', '', '03031465631', 'Male', 'Single', 'A+', '2015-12-31', '6', '03014569872', 'Father', 'public/img/1.jpg', 'Lahore', 'Punjab', 'Lahore', '1', '2', 'Permanant', '1', 'T.M Cargo & Logistics', '2021-02-01', 'Lahore', 'East', NULL, 'Day', '1', 'Matric', 'matric', '', '', '', '', '', NULL, NULL, NULL, 0, NULL, NULL, NULL, NULL, NULL, NULL, 'active', NULL, NULL, '2021-04-19 08:55:14', '0000-00-00 00:00:00'),
(12, 1011, 'Fajar', 'Rahmat', 'Rahmat', '3520246464654', 'ms@gmail.com', '', '03031465631', 'Male', 'Single', 'A+', '2015-12-31', '6', '03014569872', 'Father', 'public/img/l-8.jpg', 'Lahore', 'Punjab', 'Lahore', '1', '2', 'Permanant', '1', 'T.M Cargo & Logistics', '2021-02-01', 'Lahore', 'East', NULL, 'Day', '1', 'Matric', 'matric', '', '', '', '', '', NULL, NULL, NULL, 0, NULL, NULL, NULL, NULL, NULL, NULL, 'active', NULL, NULL, '2021-04-19 08:55:14', '0000-00-00 00:00:00'),
(13, 1010, 'Zahid', 'Aslam', 'Aslam', '3520246585445', 'zahid@gmail.com', '', '03216549786', 'Male', 'Single', 'A+', '2021-04-06', '6', '03213154565', 'Son', 'public/img/10.jpg', 'karachi', 'Sindh', 'Lahore', '1', '2', 'Permanant', '1', 'T.M Cargo & Logistics', '2021-04-13', 'Lahore', 'East', NULL, 'Night', '2', 'Intermediate', 'matric', '', '', '', '', '', NULL, NULL, NULL, 0, NULL, NULL, NULL, NULL, NULL, NULL, 'active', NULL, NULL, '2021-04-19 08:55:14', '0000-00-00 00:00:00'),
(14, 1009, 'Anwar', 'Ali', 'Ali', '3520248979797', 'anwar@gmail.com', '', '03216485668', 'Male', 'Single', 'A+', '2018-12-01', '6', '032116444633', 'Father', 'public/img/9.jpg', 'Lahore', 'Punjab', 'Lahore', '1', '2', 'Permanant', '1', 'T.M Cargo & Logistics', '2021-12-31', 'Lahore', 'East', NULL, 'Day', '1', 'Matric', 'matric', '', '', '', '', '', NULL, NULL, NULL, 0, NULL, NULL, NULL, NULL, NULL, NULL, 'active', NULL, NULL, '2021-04-19 08:55:14', '0000-00-00 00:00:00'),
(15, 1008, 'Talha', 'Afzal', 'Afzal', '3520314646494', 'ta@gmail.com', '', '03016546964', 'Male', 'Single', 'A+', '2019-12-31', '5', '03216549647', 'Father', 'public/img/8.jpg', 'Lahore', 'Punjab', 'Slampura Lahore', '1', '1', 'Permanant', '1', 'T.M Cargo & Logistics', '2018-12-31', 'Lahore', 'East', NULL, 'Day', '6', 'Matric', 'matric', '', '', '', '', '', NULL, NULL, NULL, 0, NULL, NULL, NULL, NULL, NULL, NULL, 'active', NULL, NULL, '2021-04-19 08:55:14', '0000-00-00 00:00:00'),
(16, 1007, 'Rana', 'Afzal', 'Afzal', '3520274024336', 'rana@gmail.com', '', '03216565989', 'Male', 'Single', 'A+', '2021-04-02', '6', '03021256549', 'Father', 'public/img/7.jpg', 'Lahore', 'Punjab', 'Lahore', '1', '2', 'Permanant', '1', 'T.M Cargo & Logistics', '2021-12-31', 'Lahore', 'East', NULL, 'Day', '3', 'Intermediate', 'ma', '', '', '', '', '', NULL, NULL, NULL, 0, NULL, NULL, NULL, NULL, NULL, NULL, 'active', NULL, NULL, '2021-04-19 08:55:14', '0000-00-00 00:00:00'),
(17, 1006, 'Rana', 'Afzal', 'Afzal', '3520274024344', 'raana@gmail.com', '', '03216565989', 'Male', 'Single', 'A+', '2021-04-02', '6', '03021256549', 'Father', '', 'Lahore', 'Punjab', 'Lahore', '1', '2', 'Permanant', '1', 'T.M Cargo & Logistics', '2021-12-31', 'Lahore', 'East', NULL, 'Day', '3', 'Intermediate', 'ma', '', '', '', '', '', NULL, NULL, NULL, 0, NULL, NULL, NULL, NULL, NULL, NULL, 'active', 0, NULL, '2021-04-19 08:55:14', '0000-00-00 00:00:00'),
(18, 1005, 'Zahid', 'Azeem', 'Azeem', '3520278524569', 'm@gjmail.com', '', '03031346455', 'Male', 'Single', 'A+', '2021-12-31', '6', '03034402363', 'Father', '', 'Lahore', 'Punjab', 'Lahore', '1', '1', 'Permanant', '1', 'T.M Cargo & Logistics', '2021-12-31', 'Lahore', 'West', NULL, 'Day', '1', 'Matric', 'IT', '', '', '', '', '', NULL, NULL, NULL, 1, NULL, NULL, NULL, NULL, NULL, NULL, 'active', NULL, NULL, '2021-05-03 09:11:43', '0000-00-00 00:00:00'),
(19, 1004, 'Rizwan', 'Shabeer', 'Shabeer', '0303031313132', 'rizwan@gmail.com', '', '03131313131', 'Male', 'Single', 'A+', '2021-05-24', '1', '030322656656', 'Mother', 'public/img/6.jpg', 'Lahore', 'Punjab', 'sdf', '1', '2', 'Permanant', '1', 'T.M Cargo & Logistics', '2021-05-07', 'Lahore', 'East', NULL, 'Day', '1', 'Intermediate', 'sdf', '', '', '', '', '', NULL, NULL, NULL, 0, NULL, NULL, NULL, NULL, NULL, NULL, 'active', NULL, NULL, '2021-05-24 08:14:04', '0000-00-00 00:00:00'),
(20, 1003, 'Tahir', 'Zaman', 'Zaman', '3250265698653', 'sdf@d.com', '', '03032311211', 'Male', 'Single', 'A+', '2021-05-13', '5', '03032323111', 'Mother', 'public/img/5.jpg', 'Lahore', 'kpk', 'dsf', '2', '4', 'Permanant', '1', 'T.M Cargo & Logistics', '2021-05-12', 'Lahore', 'East', NULL, 'Day', '1', 'Intermediate', 'MS', '', '', '', '', '', NULL, NULL, NULL, 0, NULL, NULL, NULL, NULL, NULL, NULL, 'active', NULL, NULL, '2021-05-24 08:18:03', '0000-00-00 00:00:00'),
(21, 1002, 'Arslan', 'Khalid', 'Testing', '3520245632335', 'mugha@gmail.com', '', '03032112323', 'Male', 'Single', 'A+', '2021-06-09', '4', '03031154646', 'Father', 'public/img/4.jpg', 'Lahore', 'Punjab', 'Lahore', '5', '3', 'Permanant', '1', 'T.M Cargo & Logistics', '2021-06-09', 'Lahore', 'East', '146464', 'Day', '1', 'Master', 'new', '', '', '', '', '', NULL, NULL, NULL, 1, NULL, NULL, NULL, NULL, NULL, NULL, 'active', NULL, NULL, '2021-06-09 12:26:48', '0000-00-00 00:00:00'),
(23, 1001, 'Zamin', 'Raza', 'M. Raza', '3520275265489', 'zamin@gmail.com', '', '03022563458', 'Male', '', NULL, '0000-00-00', '', '', '', NULL, 'Lahore', '', 'Lahore', '4', '4', '', '', '', '0000-00-00', '', '', NULL, '', '', '', '', NULL, NULL, NULL, NULL, NULL, NULL, NULL, NULL, 0, NULL, NULL, NULL, NULL, NULL, NULL, 'active', NULL, NULL, '2021-06-16 08:51:01', '0000-00-00 00:00:00'),
(57, 1020, 'Zahid', 'Azeem', 'Azeem', '3520274024556', 'zahids@gmail.com', 'officiazahid@gmail.com', '03034402356', 'Male', 'Single', 'A+', '1992-03-18', '4', '03034402365', 'Father', 'public/img/3.jpg', 'Lahore', 'Punjab', 'Johar Town Lahore.', '6', '6', 'Permanant', '1', 'T.M Cargo & Logistics', '2021-06-01', 'Lahore', 'East', NULL, 'Day', '2', 'Master', 'M.A', '', '', '', '', '', NULL, NULL, NULL, 0, NULL, NULL, NULL, NULL, NULL, NULL, 'active', NULL, NULL, '2021-06-26 09:58:20', '0000-00-00 00:00:00'),
(60, 1021, 'Wahid', 'azeem', 'azeem', '3520274020556', 'wahid@gmail.com', 'wahid.officail@gmail.com', '03032546466', 'Male', 'Single', 'A+', '2021-12-31', '1', '03032134646', 'Father', 'public/img/2.jpg', 'Lahore', 'Punjab', 'Lahore', '6', '6', 'Permanant', '1', 'T.M Cargo & Logistics', '2021-12-31', 'Lahore', 'East', NULL, 'Day', '2', 'Matric', 'BS', '', '', '', '', '', NULL, NULL, NULL, 0, NULL, NULL, NULL, NULL, NULL, NULL, 'active', NULL, NULL, '2021-07-07 12:58:38', '0000-00-00 00:00:00'),
(62, 1022, 'Usman', 'Azeem', 'Muhammad Azeem', '3520240256365', 'mughalusman3000000@gmail.com', 'hrmofficial@gmail.com', '03034402363', 'Male', 'Single', 'A+', '2021-12-31', '2', '03034402363', 'Father', 'public/img/l-11.jpg', 'Lahore', 'Punjab', 'Lahore', '6', '6', 'Permanant', '1', 'T.M Cargo & Logistics', '2021-07-08', 'Lahore', 'East', NULL, 'Day', '10', 'Matric', 'matric', '', '', '', '', '', NULL, NULL, NULL, 0, NULL, NULL, NULL, NULL, NULL, NULL, 'active', NULL, NULL, '2021-07-08 12:50:49', '0000-00-00 00:00:00'),
(63, 1017, 'Muhammad Usman ', 'Masood', 'Khalid Masood Ahmad', '3520246524335', 'subhani@gmail.com', 'subhani@official.com', '03034402363', 'Male', 'Single', 'B-', '2022-11-16', '6', '090078601', 'Father', 'public/img/1669656892_ba4c59e6ea6d096bf0f2.jpg', 'Lahore', 'Punjab', 'Hanif Park Badami Bagh lahore', '7', '2', 'Contract', '1', 'T.M Cargo & Logistics', '2022-11-23', 'Lahore', 'East', NULL, 'Day', '1', 'Matric', 'BS', '', '', '', '', '', NULL, NULL, NULL, 0, NULL, NULL, NULL, NULL, NULL, NULL, 'active', NULL, NULL, '2022-11-28 17:34:52', '0000-00-00 00:00:00'),
(64, 1023, 'Ranas', 'Iqbal', 'Iqbal', '3520278945663', '', '', '03034402363', 'Male', 'Single', '', '2022-12-01', '', '', '', '', 'Lahore', 'Punjab', 'Lahore', '6', '7', 'Permanant', '1', 'BlocksGenie Technologies', '2022-11-30', 'Lahore', 'East', NULL, 'Day', '1', '', '', '', '', '', '', '', NULL, NULL, NULL, 0, NULL, NULL, NULL, '2022-12-03', 'Resign', 'bilawaja', 'deactive', NULL, NULL, '2022-11-28 19:07:15', '0000-00-00 00:00:00');

-- --------------------------------------------------------

--
-- Table structure for table `saimtech_folder`
--

CREATE TABLE `saimtech_folder` (
  `folder_id` int(11) NOT NULL,
  `folder_name` varchar(60) NOT NULL,
  `folder_descryption` varchar(200) NOT NULL,
  `created_at` datetime NOT NULL DEFAULT current_timestamp()
) ENGINE=MyISAM DEFAULT CHARSET=latin1;

--
-- Dumping data for table `saimtech_folder`
--

INSERT INTO `saimtech_folder` (`folder_id`, `folder_name`, `folder_descryption`, `created_at`) VALUES
(7, 'Gazi', 'new', '2021-12-21 09:27:27'),
(6, 'tahir', '456', '2021-12-21 05:21:39'),
(3, 'arfa', 'folder', '2021-12-20 10:52:54'),
(4, 'hamza', 'folder', '2021-12-20 12:34:01'),
(5, 'Hassan', 'Hassan Folder', '2021-12-20 12:56:20'),
(8, 'Yasaeen', 'Testing', '2022-01-06 00:44:06'),
(9, '456', 'new', '2022-01-06 23:39:49');

-- --------------------------------------------------------

--
-- Table structure for table `saimtech_log`
--

CREATE TABLE `saimtech_log` (
  `log_id` int(11) NOT NULL,
  `log_event` varchar(350) NOT NULL,
  `log_narration` text NOT NULL,
  `employee_id` int(11) DEFAULT NULL,
  `created_by` int(11) NOT NULL,
  `created_at` timestamp NOT NULL DEFAULT current_timestamp() ON UPDATE current_timestamp()
) ENGINE=InnoDB DEFAULT CHARSET=utf8;

--
-- Dumping data for table `saimtech_log`
--

INSERT INTO `saimtech_log` (`log_id`, `log_event`, `log_narration`, `employee_id`, `created_by`, `created_at`) VALUES
(1, 'Employee Marked As Deactive', 'Emoloyee of id:4 has been Deactivated by: Zahids of User ID:1 at 03:16:12pm 28-04-21', 4, 1, '2021-04-28 10:16:12'),
(2, 'Employee Marked As Deactive', 'Emoloyee of id:4 has been Deactivated by: Zahids of User ID:1 at 03:17:40pm 28-04-21', 4, 1, '2021-04-28 10:17:40'),
(3, 'Basic Salary has been Added in Employee Payroll', 'Name: Basic Salary type: (A) Amount:30000 of employee ID:5 has been Added By: Saim of User ID:8 at 10:32:25am 07-06-21', 5, 8, '2021-06-07 05:32:25'),
(4, 'House Rent Allowance has been Added in Employee Payroll', 'Name: House Rent Allowance type: (A) Amount:5000 of employee ID:5 has been Added By: Saim of User ID:8 at 10:33:43am 07-06-21', 5, 8, '2021-06-07 05:33:43'),
(5, 'Tax Deduction has been Added in Employee Payroll', 'Name: Tax Deduction type: (D) Amount:5000 of employee ID:5 has been Added By: Saim of User ID:8 at 11:11:33am 07-06-21', 5, 8, '2021-06-07 06:11:33'),
(6, 'Employee Marked As Deactive', 'Emoloyee of id:22 has been Deactivated by: Saim of User ID:8 at 02:17:53pm 17-06-21', 22, 8, '2021-06-17 09:17:53'),
(7, 'Employee Marked As Deactive', 'Emoloyee of id:37 has been Deactivated by: Saim of User ID:8 at 05:20:08pm 17-06-21', 37, 8, '2021-06-17 12:20:08'),
(8, 'A  new Payroll Head has been Added in Employee Payroll', 'A new payroll head Start Date: 2021-07-05 End Date:2022-02-10 for employee ID:5 has been Added By: Saim of User ID:8 at 03:47:38pm 05-07-21', 5, 8, '2021-07-05 10:47:38'),
(9, 'Special House Rent has been Added in Employee Payroll', 'Name: Special House Rent type: (A) Amount:10000 of employee ID:5 has been Added By: Saim of User ID:8 at 04:09:23pm 05-07-21', 5, 8, '2021-07-05 11:09:23'),
(10, 'Car Allowance has been Added in Employee Payroll', 'Name: Car Allowance type: (A) Amount:10000 of employee ID:5 has been Added By: Saim of User ID:8 at 04:09:35pm 05-07-21', 5, 8, '2021-07-05 11:09:35'),
(11, 'A  new Payroll Head has been Added in Employee Payroll', 'A new payroll of Salary: 50000 for employee ID:5 has been Added By: Saim of User ID:8 at 04:25:29pm 05-07-21', 5, 8, '2021-07-05 11:25:29'),
(12, 'Special House Rent has been Added in Employee Payroll', 'Name: Special House Rent type: (A) Amount:10000 of employee ID:5 has been Added By: Saim of User ID:8 at 04:25:47pm 05-07-21', 5, 8, '2021-07-05 11:25:47'),
(13, 'Incentive has been Added in Employee Payroll', 'Name: Incentive type: (A) Amount:5000 of employee ID:5 has been Added By: Saim of User ID:8 at 04:25:57pm 05-07-21', 5, 8, '2021-07-05 11:25:57'),
(14, 'Incentive has been Deleted in Employee Payroll', 'Name: Incentive type: (A) Amount:5000 of employee ID:5 has been Deleted By: Saim of User ID:8 at 04:26:04pm 05-07-21', 5, 8, '2021-07-05 11:26:04'),
(15, 'Incentive has been Added in Employee Payroll', 'Name: Incentive type: (A) Amount:5000 of employee ID:5 has been Added By: Saim of User ID:8 at 04:26:12pm 05-07-21', 5, 8, '2021-07-05 11:26:12'),
(16, 'A  new Payroll Head has been Added in Employee Payroll', 'A new payroll of Salary: 75000 for employee ID:7 has been Added By: Saim of User ID:8 at 05:15:33pm 05-07-21', 7, 8, '2021-07-05 12:15:33'),
(17, 'Fuel has been Added in Employee Payroll', 'Name: Fuel type: (A) Amount:5000 of employee ID:5 has been Added By: Saim of User ID:8 at 11:17:21am 06-07-21', 5, 8, '2021-07-06 06:17:21'),
(18, 'A  new Payroll Head has been Added in Employee Payroll', 'A new payroll of Salary: 50000 for employee ID:62 has been Added By: Saim of User ID:8 at 11:15:23am 10-07-21', 62, 8, '2021-07-10 06:15:23'),
(19, 'A  new Payroll Head has been Added in Employee Payroll', 'A new payroll of Salary: 80000 for employee ID:60 has been Added By: Saim of User ID:8 at 11:15:46am 10-07-21', 60, 8, '2021-07-10 06:15:46'),
(20, 'A  new Payroll Head has been Added in Employee Payroll', 'A new payroll of Salary: 70000 for employee ID:21 has been Added By: Saim of User ID:8 at 03:08:19pm 10-07-21', 21, 8, '2021-07-10 10:08:19'),
(21, 'Car Allowance has been Added in Employee Payroll', 'Name: Car Allowance type: (A) Amount:5000 of employee ID:21 has been Added By: Saim of User ID:8 at 03:08:49pm 10-07-21', 21, 8, '2021-07-10 10:08:49'),
(22, 'Car Repair & Maintenance has been Added in Employee Payroll', 'Name: Car Repair & Maintenance type: (A) Amount:5000 of employee ID:21 has been Added By: Saim of User ID:8 at 03:09:02pm 10-07-21', 21, 8, '2021-07-10 10:09:02'),
(23, 'Special House Rent has been Added in Employee Payroll', 'Name: Special House Rent type: (A) Amount:5000 of employee ID:60 has been Added By: Saim of User ID:8 at 04:18:56pm 10-07-21', 60, 8, '2021-07-10 11:18:56'),
(24, 'Car Allowance has been Added in Employee Payroll', 'Name: Car Allowance type: (A) Amount:2000 of employee ID:60 has been Added By: Saim of User ID:8 at 04:19:05pm 10-07-21', 60, 8, '2021-07-10 11:19:05'),
(25, 'Car Repair & Maintenance has been Added in Employee Payroll', 'Name: Car Repair & Maintenance type: (A) Amount:2000 of employee ID:60 has been Added By: Saim of User ID:8 at 04:19:14pm 10-07-21', 60, 8, '2021-07-10 11:19:14'),
(26, 'Dearness has been Added in Employee Payroll', 'Name: Dearness type: (A) Amount:1000 of employee ID:60 has been Added By: Saim of User ID:8 at 04:19:23pm 10-07-21', 60, 8, '2021-07-10 11:19:23'),
(27, 'Incentive has been Added in Employee Payroll', 'Name: Incentive type: (A) Amount:2000 of employee ID:60 has been Added By: Saim of User ID:8 at 04:19:35pm 10-07-21', 60, 8, '2021-07-10 11:19:35'),
(28, 'Fuel has been Added in Employee Payroll', 'Name: Fuel type: (A) Amount:1500 of employee ID:60 has been Added By: Saim of User ID:8 at 04:19:47pm 10-07-21', 60, 8, '2021-07-10 11:19:47'),
(29, 'Overtime has been Added in Employee Payroll', 'Name: Overtime type: (A) Amount:2000 of employee ID:60 has been Added By: Saim of User ID:8 at 04:20:14pm 10-07-21', 60, 8, '2021-07-10 11:20:14'),
(30, 'Sunday / Holiday has been Added in Employee Payroll', 'Name: Sunday / Holiday type: (A) Amount:1000 of employee ID:60 has been Added By: Saim of User ID:8 at 04:20:24pm 10-07-21', 60, 8, '2021-07-10 11:20:24'),
(31, 'Extra Duty has been Added in Employee Payroll', 'Name: Extra Duty type: (A) Amount:1000 of employee ID:60 has been Added By: Saim of User ID:8 at 04:20:35pm 10-07-21', 60, 8, '2021-07-10 11:20:35'),
(32, 'A  new Payroll Head has been Added in Employee Payroll', 'A new payroll of Salary: 70000 for employee ID:20 has been Added By: Saim of User ID:8 at 04:39:49pm 10-07-21', 20, 8, '2021-07-10 11:39:49'),
(33, 'Car Allowance has been Added in Employee Payroll', 'Name: Car Allowance type: (A) Amount:10000 of employee ID:20 has been Added By: Saim of User ID:8 at 04:40:09pm 10-07-21', 20, 8, '2021-07-10 11:40:09'),
(34, 'Dearness has been Added in Employee Payroll', 'Name: Dearness type: (A) Amount:5000 of employee ID:20 has been Added By: Saim of User ID:8 at 04:40:48pm 10-07-21', 20, 8, '2021-07-10 11:40:48'),
(35, 'A  new Payroll Head has been Added in Employee Payroll', 'A new payroll of Salary: 90000 for employee ID:10 has been Added By: Mughal of User ID:5 at 06:11:13pm 06-08-22', 10, 5, '2022-08-06 13:11:13'),
(36, 'Special House Rent has been Added in Employee Payroll', 'Name: Special House Rent type: (A) Amount:5000 of employee ID:10 has been Added By: Mughal of User ID:5 at 06:11:36pm 06-08-22', 10, 5, '2022-08-06 13:11:36'),
(37, 'Fuel has been Added in Employee Payroll', 'Name: Fuel type: (A) Amount:2000 of employee ID:10 has been Added By: Mughal of User ID:5 at 06:11:49pm 06-08-22', 10, 5, '2022-08-06 13:11:49'),
(38, 'Dearness has been Added in Employee Payroll', 'Name: Dearness type: (A) Amount:5000 of employee ID:10 has been Added By: Mughal of User ID:5 at 06:12:22pm 06-08-22', 10, 5, '2022-08-06 13:12:22'),
(39, 'Special House Rent has been Added in Employee Payroll', 'Name: Special House Rent type: (A) Amount:5000 of employee ID:62 has been Added By: Mughal of User ID:5 at 06:15:23pm 06-08-22', 62, 5, '2022-08-06 13:15:23'),
(40, 'Car Allowance has been Added in Employee Payroll', 'Name: Car Allowance type: (A) Amount:2000 of employee ID:62 has been Added By: Mughal of User ID:5 at 06:15:34pm 06-08-22', 62, 5, '2022-08-06 13:15:34'),
(41, 'Fuel has been Added in Employee Payroll', 'Name: Fuel type: (A) Amount:2000 of employee ID:62 has been Added By: Mughal of User ID:5 at 06:16:05pm 06-08-22', 62, 5, '2022-08-06 13:16:05'),
(42, 'A  new Payroll Head has been Added in Employee Payroll', 'A new payroll of Salary: 105000 for employee ID:23 has been Added By: Mughal of User ID:5 at 07:29:12pm 06-08-22', 23, 5, '2022-08-06 14:29:12'),
(43, 'Special House Rent has been Added in Employee Payroll', 'Name: Special House Rent type: (A) Amount:6000 of employee ID:23 has been Added By: Mughal of User ID:5 at 07:30:08pm 06-08-22', 23, 5, '2022-08-06 14:30:08'),
(44, 'Employee Marked As Deactive', 'Emoloyee of id:64 has been Deactivated by: Mughal of User ID:5 at 10:57:17pm 02-12-22', 64, 5, '2022-12-02 17:57:17'),
(45, 'A  new Payroll Head has been Added in Employee Payroll', 'A new payroll of Salary: 30000 for employee ID:63 has been Added By: Usman of User ID:11 at 11:07:24pm 01-02-23', 63, 11, '2023-02-01 18:07:24');

-- --------------------------------------------------------

--
-- Table structure for table `saimtech_product`
--

CREATE TABLE `saimtech_product` (
  `product_id` int(11) NOT NULL,
  `product_name` varchar(100) NOT NULL,
  `product_code` varchar(200) NOT NULL,
  `product_img` varchar(100) NOT NULL,
  `category_id` int(11) NOT NULL,
  `product_desc` varchar(300) NOT NULL,
  `is_active` tinyint(4) NOT NULL DEFAULT 1,
  `is_deleted` tinyint(4) NOT NULL DEFAULT 1,
  `created_at` datetime NOT NULL DEFAULT current_timestamp(),
  `updated_at` timestamp NOT NULL DEFAULT current_timestamp() ON UPDATE current_timestamp()
) ENGINE=InnoDB DEFAULT CHARSET=utf8mb4;

--
-- Dumping data for table `saimtech_product`
--

INSERT INTO `saimtech_product` (`product_id`, `product_name`, `product_code`, `product_img`, `category_id`, `product_desc`, `is_active`, `is_deleted`, `created_at`, `updated_at`) VALUES
(1, 'Iphone 12 pro', 'Iph-12', 'product/product-1.png', 1, 'Iphone 12 pro blue color', 0, 1, '2023-07-09 00:53:50', '2023-07-29 12:09:51'),
(2, 'Laptope', 'lp-12', 'product/laptope.png', 1, 'laptope', 1, 1, '2023-07-09 00:53:50', '2023-07-08 20:26:46');

-- --------------------------------------------------------

--
-- Table structure for table `saimtech_receive_sms`
--

CREATE TABLE `saimtech_receive_sms` (
  `r_sms_id` int(11) NOT NULL,
  `r_sms_msg` text DEFAULT NULL,
  `r_sms_phone` varchar(11) NOT NULL,
  `r_sms_status` varchar(5) NOT NULL,
  `r_sms_date` date NOT NULL,
  `last_activity_date` timestamp NOT NULL DEFAULT current_timestamp() ON UPDATE current_timestamp()
) ENGINE=InnoDB DEFAULT CHARSET=utf8;

-- --------------------------------------------------------

--
-- Table structure for table `saimtech_send_sms`
--

CREATE TABLE `saimtech_send_sms` (
  `sms_id` int(11) NOT NULL,
  `sms_msg` text DEFAULT NULL,
  `sms_phone` varchar(11) NOT NULL,
  `sms_status` varchar(5) NOT NULL,
  `sms_date` date NOT NULL,
  `last_activity_date` timestamp NOT NULL DEFAULT current_timestamp() ON UPDATE current_timestamp()
) ENGINE=InnoDB DEFAULT CHARSET=utf8;

-- --------------------------------------------------------

--
-- Table structure for table `saimtech_uom`
--

CREATE TABLE `saimtech_uom` (
  `uom_id` int(11) NOT NULL,
  `uom_code` varchar(20) NOT NULL,
  `uom_name` varchar(50) NOT NULL,
  `is_deleted` tinyint(1) NOT NULL DEFAULT 0
) ENGINE=InnoDB DEFAULT CHARSET=utf8mb4;

--
-- Dumping data for table `saimtech_uom`
--

INSERT INTO `saimtech_uom` (`uom_id`, `uom_code`, `uom_name`, `is_deleted`) VALUES
(2, 'MM', 'Millimeter', 0),
(3, 'BOX', 'Box', 0),
(4, 'KG', 'Kilogram', 0),
(5, 'PC', 'Piece', 0),
(6, 'LM', 'Linear Meter', 0),
(7, 'BOTTLE', 'Bottle', 0),
(8, 'REAM', 'Ream', 0),
(9, 'TE', 'test', 1);

-- --------------------------------------------------------

--
-- Table structure for table `saimtech_users`
--

CREATE TABLE `saimtech_users` (
  `id` int(11) NOT NULL,
  `name` varchar(50) NOT NULL,
  `password` varchar(350) NOT NULL,
  `email` varchar(350) NOT NULL,
  `power` varchar(50) NOT NULL,
  `super_power` int(11) DEFAULT NULL,
  `created_by` int(11) NOT NULL,
  `is_enable` int(11) NOT NULL,
  `updated_at` timestamp NOT NULL DEFAULT current_timestamp() ON UPDATE current_timestamp()
) ENGINE=InnoDB DEFAULT CHARSET=utf8;

--
-- Dumping data for table `saimtech_users`
--

INSERT INTO `saimtech_users` (`id`, `name`, `password`, `email`, `power`, `super_power`, `created_by`, `is_enable`, `updated_at`) VALUES
(5, 'admin', '21232f297a57a5a743894a0e4a801fc3', 'admin@gmail.com', 'admin', NULL, 0, 1, '2023-06-18 16:31:33'),
(11, 'admin', '21232f297a57a5a743894a0e4a801fc3', 'mughalusman300@gmail.com', 'user', NULL, 0, 1, '2023-06-18 16:26:42');

-- --------------------------------------------------------

--
-- Table structure for table `salary_month`
--

CREATE TABLE `salary_month` (
  `salary_month_id` int(11) NOT NULL,
  `salary_month` int(11) NOT NULL,
  `salary_year` int(11) NOT NULL,
  `compid` int(11) NOT NULL
) ENGINE=InnoDB DEFAULT CHARSET=latin1;

-- --------------------------------------------------------

--
-- Table structure for table `salary_month_detail`
--

CREATE TABLE `salary_month_detail` (
  `salary_month_detail_id` int(11) NOT NULL,
  `salary_month_id` int(11) NOT NULL,
  `emp_id` int(11) NOT NULL,
  `allowance_id` int(11) NOT NULL,
  `amount` double NOT NULL
) ENGINE=InnoDB DEFAULT CHARSET=latin1;

--
-- Indexes for dumped tables
--

--
-- Indexes for table `allowances`
--
ALTER TABLE `allowances`
  ADD PRIMARY KEY (`allow_id`);

--
-- Indexes for table `employee_assign_leaves`
--
ALTER TABLE `employee_assign_leaves`
  ADD PRIMARY KEY (`id`);

--
-- Indexes for table `employee_attendance`
--
ALTER TABLE `employee_attendance`
  ADD PRIMARY KEY (`att_id`);

--
-- Indexes for table `employee_payslip`
--
ALTER TABLE `employee_payslip`
  ADD PRIMARY KEY (`id`);

--
-- Indexes for table `leave_types`
--
ALTER TABLE `leave_types`
  ADD PRIMARY KEY (`id`);

--
-- Indexes for table `migrations`
--
ALTER TABLE `migrations`
  ADD PRIMARY KEY (`id`);

--
-- Indexes for table `payroll_salary_detail`
--
ALTER TABLE `payroll_salary_detail`
  ADD PRIMARY KEY (`detail_id`);

--
-- Indexes for table `payroll_salary_main`
--
ALTER TABLE `payroll_salary_main`
  ADD PRIMARY KEY (`salary_id`);

--
-- Indexes for table `payslip_allowance`
--
ALTER TABLE `payslip_allowance`
  ADD PRIMARY KEY (`id`);

--
-- Indexes for table `saimtech_category`
--
ALTER TABLE `saimtech_category`
  ADD PRIMARY KEY (`category_id`);

--
-- Indexes for table `saimtech_departments`
--
ALTER TABLE `saimtech_departments`
  ADD PRIMARY KEY (`depid`);

--
-- Indexes for table `saimtech_designations`
--
ALTER TABLE `saimtech_designations`
  ADD PRIMARY KEY (`desid`);

--
-- Indexes for table `saimtech_document`
--
ALTER TABLE `saimtech_document`
  ADD PRIMARY KEY (`doc_id`);

--
-- Indexes for table `saimtech_employees`
--
ALTER TABLE `saimtech_employees`
  ADD PRIMARY KEY (`emp_id`);

--
-- Indexes for table `saimtech_folder`
--
ALTER TABLE `saimtech_folder`
  ADD PRIMARY KEY (`folder_id`);

--
-- Indexes for table `saimtech_log`
--
ALTER TABLE `saimtech_log`
  ADD PRIMARY KEY (`log_id`);

--
-- Indexes for table `saimtech_product`
--
ALTER TABLE `saimtech_product`
  ADD PRIMARY KEY (`product_id`);

--
-- Indexes for table `saimtech_receive_sms`
--
ALTER TABLE `saimtech_receive_sms`
  ADD PRIMARY KEY (`r_sms_id`);

--
-- Indexes for table `saimtech_send_sms`
--
ALTER TABLE `saimtech_send_sms`
  ADD PRIMARY KEY (`sms_id`);

--
-- Indexes for table `saimtech_uom`
--
ALTER TABLE `saimtech_uom`
  ADD PRIMARY KEY (`uom_id`);

--
-- Indexes for table `saimtech_users`
--
ALTER TABLE `saimtech_users`
  ADD PRIMARY KEY (`id`),
  ADD UNIQUE KEY `saimtech_email` (`email`);

--
-- AUTO_INCREMENT for dumped tables
--

--
-- AUTO_INCREMENT for table `allowances`
--
ALTER TABLE `allowances`
  MODIFY `allow_id` int(11) NOT NULL AUTO_INCREMENT, AUTO_INCREMENT=29;

--
-- AUTO_INCREMENT for table `employee_assign_leaves`
--
ALTER TABLE `employee_assign_leaves`
  MODIFY `id` int(11) NOT NULL AUTO_INCREMENT, AUTO_INCREMENT=92;

--
-- AUTO_INCREMENT for table `employee_attendance`
--
ALTER TABLE `employee_attendance`
  MODIFY `att_id` int(11) NOT NULL AUTO_INCREMENT, AUTO_INCREMENT=436;

--
-- AUTO_INCREMENT for table `employee_payslip`
--
ALTER TABLE `employee_payslip`
  MODIFY `id` int(11) NOT NULL AUTO_INCREMENT, AUTO_INCREMENT=108;

--
-- AUTO_INCREMENT for table `leave_types`
--
ALTER TABLE `leave_types`
  MODIFY `id` int(11) NOT NULL AUTO_INCREMENT, AUTO_INCREMENT=14;

--
-- AUTO_INCREMENT for table `migrations`
--
ALTER TABLE `migrations`
  MODIFY `id` bigint(20) UNSIGNED NOT NULL AUTO_INCREMENT, AUTO_INCREMENT=33;

--
-- AUTO_INCREMENT for table `payroll_salary_detail`
--
ALTER TABLE `payroll_salary_detail`
  MODIFY `detail_id` int(11) NOT NULL AUTO_INCREMENT, AUTO_INCREMENT=66;

--
-- AUTO_INCREMENT for table `payroll_salary_main`
--
ALTER TABLE `payroll_salary_main`
  MODIFY `salary_id` int(11) NOT NULL AUTO_INCREMENT, AUTO_INCREMENT=29;

--
-- AUTO_INCREMENT for table `payslip_allowance`
--
ALTER TABLE `payslip_allowance`
  MODIFY `id` int(11) NOT NULL AUTO_INCREMENT, AUTO_INCREMENT=252;

--
-- AUTO_INCREMENT for table `saimtech_category`
--
ALTER TABLE `saimtech_category`
  MODIFY `category_id` int(11) NOT NULL AUTO_INCREMENT, AUTO_INCREMENT=5;

--
-- AUTO_INCREMENT for table `saimtech_departments`
--
ALTER TABLE `saimtech_departments`
  MODIFY `depid` int(11) NOT NULL AUTO_INCREMENT, AUTO_INCREMENT=9;

--
-- AUTO_INCREMENT for table `saimtech_designations`
--
ALTER TABLE `saimtech_designations`
  MODIFY `desid` int(11) NOT NULL AUTO_INCREMENT, AUTO_INCREMENT=8;

--
-- AUTO_INCREMENT for table `saimtech_document`
--
ALTER TABLE `saimtech_document`
  MODIFY `doc_id` int(11) NOT NULL AUTO_INCREMENT, AUTO_INCREMENT=25;

--
-- AUTO_INCREMENT for table `saimtech_employees`
--
ALTER TABLE `saimtech_employees`
  MODIFY `emp_id` int(11) NOT NULL AUTO_INCREMENT, AUTO_INCREMENT=65;

--
-- AUTO_INCREMENT for table `saimtech_folder`
--
ALTER TABLE `saimtech_folder`
  MODIFY `folder_id` int(11) NOT NULL AUTO_INCREMENT, AUTO_INCREMENT=10;

--
-- AUTO_INCREMENT for table `saimtech_log`
--
ALTER TABLE `saimtech_log`
  MODIFY `log_id` int(11) NOT NULL AUTO_INCREMENT, AUTO_INCREMENT=46;

--
-- AUTO_INCREMENT for table `saimtech_product`
--
ALTER TABLE `saimtech_product`
  MODIFY `product_id` int(11) NOT NULL AUTO_INCREMENT, AUTO_INCREMENT=3;

--
-- AUTO_INCREMENT for table `saimtech_receive_sms`
--
ALTER TABLE `saimtech_receive_sms`
  MODIFY `r_sms_id` int(11) NOT NULL AUTO_INCREMENT;

--
-- AUTO_INCREMENT for table `saimtech_send_sms`
--
ALTER TABLE `saimtech_send_sms`
  MODIFY `sms_id` int(11) NOT NULL AUTO_INCREMENT;

--
-- AUTO_INCREMENT for table `saimtech_uom`
--
ALTER TABLE `saimtech_uom`
  MODIFY `uom_id` int(11) NOT NULL AUTO_INCREMENT, AUTO_INCREMENT=10;

--
-- AUTO_INCREMENT for table `saimtech_users`
--
ALTER TABLE `saimtech_users`
  MODIFY `id` int(11) NOT NULL AUTO_INCREMENT, AUTO_INCREMENT=15;
COMMIT;

/*!40101 SET CHARACTER_SET_CLIENT=@OLD_CHARACTER_SET_CLIENT */;
/*!40101 SET CHARACTER_SET_RESULTS=@OLD_CHARACTER_SET_RESULTS */;
/*!40101 SET COLLATION_CONNECTION=@OLD_COLLATION_CONNECTION */;
